时间,卖家,买家,物品,数量,金额
2021-02-08,1561628094,烛天,肉丸,1,0
2021-02-08,鱼不摸了,千层套路,玻璃尖刺,1,1
2021-02-08,红中,三十6,果冻沙拉,1,1
2021-02-08,莫言,三十6,肉丸,2,1
2021-02-08,1561628094,烛天,肉丸,1,0
2021-02-08,1561628094,烛天,肉丸,1,0
2021-02-08,烛天,玻璃水面,懒人魔杖,1,0
2021-02-08,1561628094,三十6,舒缓茶,1,0
2021-02-08,1561628094,三十6,蜜汁卤肉,1,0
2021-02-08,1561628094,三十6,蜜汁卤肉,1,0
2021-02-08,江月,三十6,荧光果,5,1
2021-02-08,1561628094,红中,蔬菜杂烩,1,0
2021-02-08,1561628094,红中,蔬菜杂烩,1,0
2021-02-08,5421,毛里求斯影帝,蜂巢,13,20
2021-02-08,我喝温开水,悲伤的人偶,芦笋冷汤,2,4
2021-02-08,江月,红中,重生护符,1,3
2021-02-08,みゆ,玻璃水面,步行手杖,1,0
2021-02-08,臻于至善,みゆ,圣诞灯,1,21
2021-02-08,守望屁股,我喝温开水,魂甲,1,2
2021-02-08,守望屁股,我喝温开水,魂甲,1,2
2021-02-08,守望屁股,我喝温开水,魂甲,1,2
2021-02-08,守望屁股,我喝温开水,魂甲,1,2
2021-02-08,守望屁股,我喝温开水,魂甲,1,2
2021-02-08,三十6,我喝温开水,发光浆果,1,1
2021-02-08,聚财老佛,我喝温开水,发光浆果,4,1
2021-02-08,糖糖,我喝温开水,燧石,40,1
2021-02-08,玻璃水面,我喝温开水,浮木桩,2,0
2021-02-08,聚财老佛,我喝温开水,眼球伞,1,5
2021-02-08,玻璃水面,红中,蓝图,1,0
2021-02-08,江月,YZB.墨然,重生护符,1,3
2021-02-08,臻于至善,YZB.墨然,懒人魔杖,1,17
2021-02-08,江月,YZB.墨然,重生护符,1,3
2021-02-08,流萤蚀,YZB.墨然,橄榄球头盔,1,1
2021-02-08,江月,YZB.墨然,重生护符,1,3
2021-02-08,深海鱼,みゆ,锤子,1,0
2021-02-08,万万大帅比,みゆ,冬帽,1,0
2021-02-08,Cinta,みゆ,蛞蝓龟黏液,10,0
2021-02-08,玻璃水面,みゆ,蓝图,1,0
2021-02-08,江月,臻于至善,清洁扫把,1,5
2021-02-08,莫言,臻于至善,炖肉汤,1,1
2021-02-08,江月,危尔逊,重生护符,1,3
2021-02-08,我喝柠檬水,危尔逊,重生护符,1,3
2021-02-08,104,臻于至善,传送魔杖,1,0
2021-02-08,我喝柠檬水,みゆ,重生护符,1,3
2021-02-08,YZB.墨然,Kiss My Ass^,步行手杖,1,6
2021-02-08,红中,我玩游戏超强哒,波兰水饺,3,1
2021-02-08,我喝柠檬水,危尔逊,重生护符,1,3
2021-02-08,我喝柠檬水,危尔逊,重生护符,1,3
2021-02-08,我喝柠檬水,小小白,重生护符,1,3
2021-02-08,我喝柠檬水,小小白,重生护符,1,3
2021-02-08,超级大蓝莓,Pijjy,独眼巨鹿眼球,1,16
2021-02-08,Nothing,YZB.墨然,炖肉汤,1,1
2021-02-08,红中,Jason Ruin,果冻沙拉,1,1
2021-02-08,危尔逊,守望屁股,食人花种子,1,17
2021-02-08,我喝柠檬水,YZB.墨然,重生护符,1,3
2021-02-08,王阿浪,YZB.墨然,荧光果,10,2
2021-02-08,数字小姐,阿彻不会,蜂蜜,40,5
2021-02-08,Magic.小柚子,阿彻不会,辣彩虹糖豆,1,1
2021-02-08,我喝柠檬水,みゆ,重生护符,1,3
2021-02-08,危尔逊,回音,燧石,3,20
2021-02-08,可爱的小兔耳,阿彻不会,鼹鼠帽,1,11
2021-02-08,臻于至善,阿彻不会,闪亮鞍具,1,17
2021-02-08,Nothing,云,炖肉汤,1,1
2021-02-08,情天泪海,阿彻不会,刷子,1,30
2021-02-08,Nothing,Pijjy,炖肉汤,1,1
2021-02-08,守望屁股,阿彻不会,成熟石果,20,2
2021-02-08,守望屁股,阿彻不会,成熟石果,20,2
2021-02-08,膨胀,阿彻不会,黄金鹤嘴锄,1,2
2021-02-08,膨胀,阿彻不会,黄金鹤嘴锄,1,2
2021-02-08,江月,阿彻不会,黄金鹤嘴锄,1,2
2021-02-08,江月,阿彻不会,黄金鹤嘴锄,1,2
2021-02-08,Nothing,风暴中的小白兔,炖肉汤,1,1
2021-02-08,臻于至善,但一切处无心,牛毛,40,7
2021-02-08,可爱的小兔耳,Pijjy,荧光果,40,5
2021-02-08,风暴中的小白兔,阿彻不会,重生护符,1,2
2021-02-08,Nothing,风暴中的小白兔,炖肉汤,1,1
2021-02-08,流萤蚀,1561628094,蓝宝石,4,12
2021-02-08,风暴中的小白兔,阿彻不会,重生护符,1,2
2021-02-08,风暴中的小白兔,みゆ,重生护符,1,2
2021-02-08,这是我的赎罪.,阿彻不会,骨头盔甲,1,15
2021-02-08,臻于至善,阿彻不会,骨头盔甲,1,14
2021-02-08,风暴中的小白兔,みゆ,重生护符,1,2
2021-02-08,心醇气和,风暴中的小白兔,波兰水饺,3,1
2021-02-08,风暴中的小白兔,Pijjy,重生护符,1,2
2021-02-08,Nothing,臻于至善,炖肉汤,1,1
2021-02-08,可爱的小兔耳,帕克,树枝,20,2
2021-02-08,心醇气和,风暴中的小白兔,波兰水饺,3,1
2021-02-08,Nothing,阿彻不会,炖肉汤,1,1
2021-02-08,Nothing,阿彻不会,炖肉汤,1,1
2021-02-08,Nothing,阿彻不会,炖肉汤,1,1
2021-02-08,风暴中的小白兔,阿彻不会,蜂蜜,20,2
2021-02-08,可爱的小兔耳,阿彻不会,蜂蜜,32,3
2021-02-08,>°)))>彡,帕克,炖肉汤,1,1
2021-02-08,>°)))>彡,危尔逊,炖肉汤,1,1
2021-02-08,鱼不摸了,waiyousans1,玻璃尖刺,1,1
2021-02-08,鱼不摸了,waiyousans1,玻璃尖刺,1,1
2021-02-08,鱼不摸了,waiyousans1,玻璃尖刺,1,1
2021-02-08,鱼不摸了,waiyousans1,玻璃尖刺,1,1
2021-02-08,鱼不摸了,waiyousans1,玻璃尖刺,1,1
2021-02-08,鱼不摸了,waiyousans1,玻璃尖刺,1,1
2021-02-08,鱼不摸了,waiyousans1,玻璃尖刺,1,1
2021-02-08,鱼不摸了,waiyousans1,玻璃尖刺,1,1
2021-02-08,鱼不摸了,waiyousans1,玻璃尖刺,1,1
2021-02-08,鱼不摸了,waiyousans1,玻璃尖刺,1,1
2021-02-08,鱼不摸了,waiyousans1,玻璃尖刺,1,1
2021-02-08,鱼不摸了,waiyousans1,玻璃尖刺,1,1
2021-02-08,鱼不摸了,waiyousans1,玻璃尖刺,1,1
2021-02-08,鱼不摸了,waiyousans1,玻璃尖刺,1,1
2021-02-08,鱼不摸了,waiyousans1,玻璃尖刺,1,1
2021-02-08,鱼不摸了,waiyousans1,玻璃尖刺,1,1
2021-02-08,鱼不摸了,waiyousans1,玻璃尖刺,1,1
2021-02-08,鱼不摸了,waiyousans1,玻璃尖刺,1,1
2021-02-08,鱼不摸了,waiyousans1,玻璃尖刺,1,1
2021-02-08,危尔逊,waiyousans1,玻璃尖刺,1,1
2021-02-08,anlisang,Nothing,电子元件,2,0
2021-02-08,anlisang,Nothing,木板,2,0
2021-02-08,风暴中的小白兔,千层套路,重生护符,1,2
2021-02-08,风暴中的小白兔,千层套路,重生护符,1,2
2021-02-08,风暴中的小白兔,みゆ,重生护符,1,2
2021-02-08,1561628094,waiyousans1,蜜汁火腿,1,0
2021-02-08,凯特大魔王,Nothing,重生护符,1,3
2021-02-08,Nothing,江月,肉丸,2,1
2021-02-08,危尔逊,みゆ,蓝宝石,1,0
2021-02-08,我喝柠檬水,みゆ,重生护符,1,3
2021-02-08,酥酥,Nothing,月岩雕像,1,2
2021-02-08,流萤蚀,1561628094,蜜汁卤肉,3,0
2021-02-08,膨胀,三十6,锤子,1,2
2021-02-08,Nothing,凯特大魔王,炖肉汤,1,1
2021-02-08,江月,超级大蓝莓,排箫,1,50
2021-02-08,臻于至善,超级大蓝莓,排箫,1,87
2021-02-08,>°)))>彡,凯特大魔王,炖肉汤,1,1
2021-02-08,1561628094,臻于至善,烤怪物肉,17,0
2021-02-08,聚财老佛,三十6,捕虫网,1,1
2021-02-08,Nothing,江月,炖肉汤,1,1
2021-02-08,Nothing,三十6,炖肉汤,1,1
2021-02-08,超级大蓝莓,Pijjy,蜘蛛腺,20,2
2021-02-08,Magic.小柚子,臻于至善,蓝带鱼排,1,1
2021-02-08,几米,Pijjy,火腿棒,1,3
2021-02-08,我喝柠檬水,稚鱼,重生护符,1,3
2021-02-08,流萤蚀,Pijjy,寒冰护符,1,2
2021-02-08,我喝柠檬水,Pijjy,重生护符,1,3
2021-02-08,1561628094,危尔逊,芝士蛋糕,1,1
2021-02-08,凯特大魔王,稚鱼,发光浆果慕斯,1,1
2021-02-08,玻璃水面,みゆ,炖肉汤,1,1
2021-02-08,心醇气和,Nothing,波兰水饺,3,1
2021-02-08,Magic.小柚子,Pijjy,发光浆果慕斯,1,1
2021-02-08,王阿浪,Pijjy,火腿棒,1,3
2021-02-08,Nothing,千层套路,炖肉汤,1,1
2021-02-08,红中,Pijjy,重生护符,1,3
2021-02-08,小小白,Pijjy,重生护符,1,3
2021-02-08,可爱的小兔耳,みゆ,告密的心,1,1
2021-02-08,Magic.小柚子,三十6,辣龙椒沙拉,1,1
2021-02-08,我喝柠檬水,Nothing,重生护符,1,3
2021-02-08,我喝柠檬水,Nothing,重生护符,1,3
2021-02-08,Magic.小柚子,稚鱼,发光浆果慕斯,1,1
2021-02-08,小五,稚鱼,发光浆果慕斯,1,1
2021-02-08,>°)))>彡,千层套路,多汁浆果丛,1,1
2021-02-08,可爱的小兔耳,Nothing,告密的心,1,1
2021-02-08,LRJ丶独行,Kiss My Ass^,球茎状种子,40,2
2021-02-08,酥酥,江月,暗影心房,1,5
2021-02-08,红中,江月,果冻沙拉,1,1
2021-02-08,流萤蚀,臻于至善,蜘蛛丝,40,4
2021-02-08,流萤蚀,臻于至善,蜘蛛丝,40,4
2021-02-08,小小白,小丑Carnage,坎普斯背包,1,45
2021-02-08,红中,江月,果冻沙拉,1,1
2021-02-08,红中,江月,果冻沙拉,1,1
2021-02-08,凯特大魔王,be be J,重生护符,1,2
2021-02-08,心醇气和,Nothing,波兰水饺,3,1
2021-02-08,心醇气和,3069863658,波兰水饺,3,1
2021-02-08,凯特大魔王,Nothing,重生护符,1,2
2021-02-08,凯特大魔王,江月,辣龙椒沙拉,1,1
2021-02-08,小五,稚鱼,发光浆果慕斯,1,1
2021-02-08,小五,稚鱼,发光浆果慕斯,1,1
2021-02-08,可爱的小兔耳,Jason Ruin,肉丸,3,1
2021-02-08,风暴中的小白兔,3069863658,树枝,40,3
2021-02-08,心醇气和,3069863658,波兰水饺,3,1
2021-02-08,心醇气和,3069863658,波兰水饺,3,1
2021-02-08,心醇气和,3069863658,波兰水饺,3,1
2021-02-08,烛天,这是我的赎罪.,暗影心房,1,10
2021-02-08,心醇气和,3069863658,波兰水饺,3,1
2021-02-08,心醇气和,3069863658,波兰水饺,3,1
2021-02-08,心醇气和,3069863658,波兰水饺,3,1
2021-02-08,凯特大魔王,Nothing,重生护符,1,2
2021-02-08,凯特大魔王,be be J,重生护符,1,2
2021-02-08,凯特大魔王,Nothing,重生护符,1,2
2021-02-08,XuZiYi,be be J,牛角,1,50
2021-02-08,我喝柠檬水,江月,荧光果,5,1
2021-02-08,>°)))>彡,千层套路,炖肉汤,1,1
2021-02-08,>°)))>彡,XuZiYi,炖肉汤,1,1
2021-02-08,凯特大魔王,千层套路,重生护符,1,2
2021-02-08,酥酥,拾伍.,月岩雕像,1,2
2021-02-08,凯特大魔王,Nothing,重生护符,1,2
2021-02-08,凯特大魔王,江月,重生护符,1,2
2021-02-08,红中,帕克,果冻沙拉,1,1
2021-02-08,千层套路,江月,荧光果,5,1
2021-02-08,Nothing,帕克,荧光果,25,0
2021-02-08,可爱的小兔耳,小公举天下第一,木板,10,2
2021-02-08,凯特大魔王,Nothing,重生护符,1,2
2021-02-08,凯特大魔王,Nothing,重生护符,1,2
2021-02-08,风暴中的小白兔,Nothing,浆果,18,1
2021-02-08,心醇气和,拾伍.,波兰水饺,3,1
2021-02-08,这是我的赎罪.,Nothing,蜂蜜,40,3
2021-02-08,>°)))>彡,千层套路,炖肉汤,1,1
2021-02-08,凯特大魔王,三十6,辣龙椒沙拉,1,1
2021-02-08,玻璃水面,帕克,炖肉汤,1,1
2021-02-08,小五,三十6,发光浆果慕斯,1,1
2021-02-08,凯特大魔王,江月,重生护符,1,2
2021-02-08,>°)))>彡,拾伍.,炖肉汤,1,1
2021-02-08,风暴中的小白兔,Nothing,炖肉汤,1,1
2021-02-08,风暴中的小白兔,Nothing,炖肉汤,1,1
2021-02-08,>°)))>彡,帕克,炖肉汤,1,1
2021-02-08,>°)))>彡,千层套路,炖肉汤,1,1
2021-02-08,哔啵哔啵,外乡人さ,黑色羽毛,6,0
2021-02-08,小五,稚鱼,发光浆果慕斯,1,1
2021-02-08,凯特大魔王,哔啵哔啵,重生护符,1,2
2021-02-08,凯特大魔王,鱼不摸了,重生护符,1,2
2021-02-08,稚鱼,帕克,木板,5,0
2021-02-08,>°)))>彡,帕克,炖肉汤,1,1
2021-02-08,凯特大魔王,小麦麦,重生护符,1,2
2021-02-08,小五,外乡人さ,辣伏特羊肉冻,2,5
2021-02-08,>°)))>彡,千层套路,炖肉汤,1,1
2021-02-08,稚鱼,三十6,重生护符,1,2
2021-02-08,稚鱼,三十6,重生护符,1,2
2021-02-08,红中,帕克,果冻沙拉,1,1
2021-02-08,小五,外乡人さ,辣伏特羊肉冻,2,5
2021-02-08,风暴中的小白兔,帕克,蜘蛛卵,1,2
2021-02-08,Nothing,帕克,蜘蛛丝,8,0
2021-02-08,春和景明,帕克,木板,3,1
2021-02-08,>°)))>彡,帕克,炖肉汤,1,1
2021-02-08,三十6,Nothing,小发光浆果,10,0
2021-02-08,三十6,Nothing,小发光浆果,10,0
2021-02-08,>°)))>彡,莫言,炖肉汤,1,1
2021-02-08,千层套路,少年约克,荧光果,5,1
2021-02-08,风暴中的小白兔,外乡人さ,石头,40,4
2021-02-08,莫言,帕克,肉丸,2,1
2021-02-08,然然,锕名,噩梦燃料,4,1
2021-02-08,风暴中的小白兔,外乡人さ,采下的草,39,3
2021-02-08,Nothing,帕克,炖肉汤,1,0
2021-02-08,心醇气和,危尔逊,波兰水饺,3,1
2021-02-08,凯特大魔王,烛天,重生护符,1,2
2021-02-08,三十6,莫言,怪物肉干,20,2
2021-02-08,江月,小公举天下第一,牛角帽,1,7
2021-02-08,红中,帕克,果冻沙拉,1,1
2021-02-08,红中,帕克,果冻沙拉,1,1
2021-02-08,心醇气和,wentipi,波兰水饺,3,1
2021-02-08,凯特大魔王,小公举天下第一,重生护符,1,2
2021-02-08,小五,wentipi,战斗头盔,1,1
2021-02-08,红中,wentipi,触手尖刺,1,1
2021-02-08,江月,锕名,唤星者魔杖,1,10
2021-02-08,江月,锕名,唤星者魔杖,1,10
2021-02-08,稚鱼,锕名,唤星者魔杖,1,10
2021-02-08,稚鱼,锕名,唤星者魔杖,1,10
2021-02-08,稚鱼,锕名,唤星者魔杖,1,10
2021-02-08,稚鱼,锕名,唤星者魔杖,1,10
2021-02-08,稚鱼,锕名,唤星者魔杖,1,10
2021-02-08,这是我的赎罪.,锕名,蜂王浆,7,7
2021-02-08,拾伍.,千层套路,火腿棒,1,2
2021-02-08,莫言,Nothing,荧光果,5,1
2021-02-08,五技大师,烛天,{item}草图,1,0
2021-02-08,心醇气和,妍妍,波兰水饺,3,1
2021-02-08,凯特大魔王,Nothing,重生护符,1,2
2021-02-08,Nothing,稚鱼,辣伏特羊肉冻,1,3
2021-02-08,五技大师,锕名,暗夜剑,1,1
2021-02-08,凯特大魔王,江月,重生护符,1,2
2021-02-08,莫言,锕名,荧光果,5,1
2021-02-08,稚鱼,千层套路,重生护符,1,2
2021-02-08,我喝柠檬水,锕名,重生护符,1,3
2021-02-08,小可愛丶,烛天,火魔杖,1,0
2021-02-08,风暴中的小白兔,wentipi,炖肉汤,1,1
2021-02-08,风暴中的小白兔,wentipi,炖肉汤,1,1
2021-02-08,五技大师,wentipi,金块,8,1
2021-02-08,帕克,wentipi,肉丸,2,1
2021-02-08,红中,莫言,果冻沙拉,1,1
2021-02-08,Kiss My Ass^,稚鱼,战斗头盔,1,0
2021-02-08,帕克,稚鱼,齿轮,1,0
2021-02-08,红中,帕克,果冻沙拉,1,1
2021-02-08,红中,帕克,果冻沙拉,1,1
2021-02-08,这是我的赎罪.,Supercalifragilisticexpiadocions,蓝图,1,1
2021-02-08,千层套路,江月,荧光果,5,1
2021-02-08,守望屁股,莫言,暗夜剑,1,2
2021-02-08,凯特大魔王,Nothing,重生护符,1,2
2021-02-08,凯特大魔王,XuZiYi,炖肉汤,9,0
2021-02-08,红中,江月,果冻沙拉,1,1
2021-02-08,凯特大魔王,Nothing,重生护符,1,2
2021-02-08,Nothing,妍妍,发光浆果慕斯,1,1
2021-02-08,帕克,凯特大魔王,暗夜剑,1,0
2021-02-08,红中,莫言,果冻沙拉,1,1
2021-02-08,红中,莫言,果冻沙拉,1,1
2021-02-08,凯特大魔王,江月,重生护符,1,2
2021-02-08,红中,帕克,果冻沙拉,1,1
2021-02-08,我喝柠檬水,危尔逊,重生护符,1,3
2021-02-08,红中,帕克,果冻沙拉,1,1
2021-02-08,Kiss My Ass^,稚鱼,黄金鹤嘴锄,1,0
2021-02-08,Kiss My Ass^,稚鱼,黄金鹤嘴锄,1,0
2021-02-08,莫言,江月,荧光果,5,1
2021-02-08,我喝柠檬水,江月,重生护符,1,3
2021-02-08,小五,江月,战斗头盔,1,1
2021-02-08,莫言,帕克,炖肉汤,1,1
2021-02-08,然然,莫言,树枝,12,1
2021-02-08,糖糖,莫言,燧石,16,1
2021-02-08,>°)))>彡,Supercalifragilisticexpiadocions,炖肉汤,1,1
2021-02-08,莫言,江月,荧光果,5,1
2021-02-08,拾伍.,这是我的赎罪.,齿轮,40,8
2021-02-08,小可愛丶,糖糖,恐怖国王饼,19,0
2021-02-08,小可愛丶,这是我的赎罪.,海鲜杂烩,17,0
2021-02-08,小可愛丶,这是我的赎罪.,辣龙椒沙拉,6,0
2021-02-08,小可愛丶,糖糖,香蕉冻,3,0
2021-02-08,小可愛丶,这是我的赎罪.,恐怖国王饼,19,0
2021-02-08,小可愛丶,这是我的赎罪.,香蕉冻,3,0
2021-02-08,拾伍.,这是我的赎罪.,礼物包装,20,6
2021-02-08,>°)))>彡,Supercalifragilisticexpiadocions,炖肉汤,1,1
2021-02-08,鱼不摸了,危尔逊,贝壳海滩地皮,10,15
2021-02-08,玻璃水面,覆水难收,地图,1,0
2021-02-08,玻璃水面,糖糖,地图,1,0
2021-02-08,玻璃水面,みゆ,地图,1,0
2021-02-08,玻璃水面,外乡人さ,地图,1,0
2021-02-08,玻璃水面,稚鱼,地图,1,0
2021-02-08,Kiss My Ass^,稚鱼,船补丁,6,0
2021-02-08,Kiss My Ass^,稚鱼,木板,8,0
2021-02-08,小小白,覆水难收,重生护符,1,3
2021-02-08,Nothing,稚鱼,发光浆果慕斯,1,1
2021-02-08,西瓜,尼古拉斯凯歧,暖石,1,3
2021-02-08,我喝温开水,稚鱼,芦笋冷汤,2,4
2021-02-08,玻璃水面,臻于至善,地图,1,0
2021-02-08,一杯安慕希,千层套路,锤子,1,2
2021-02-08,这是我的赎罪.,臻于至善,坎普斯背包,1,30
2021-02-08,危尔逊,稚鱼,玻璃城堡,1,0
2021-02-08,危尔逊,稚鱼,玻璃城堡,1,0
2021-02-08,这是我的赎罪.,臻于至善,坎普斯背包,1,35
2021-02-08,这是我的赎罪.,臻于至善,坎普斯背包,1,30
2021-02-08,这是我的赎罪.,臻于至善,坎普斯背包,1,30
2021-02-08,玻璃水面,みゆ,炖肉汤,1,1
2021-02-08,外乡人さ,みゆ,重生护符,1,2
2021-02-08,小小白,悲伤的人偶,重生护符,1,3
2021-02-08,一条小甜鱼,小麦麦,重生护符,1,2
2021-02-08,这是我的赎罪.,臻于至善,坎普斯背包,1,30
2021-02-08,这是我的赎罪.,臻于至善,坎普斯背包,1,30
2021-02-08,这是我的赎罪.,臻于至善,坎普斯背包,1,30
2021-02-08,这是我的赎罪.,臻于至善,坎普斯背包,1,30
2021-02-08,鱼不摸了,危尔逊,贝壳海滩地皮,10,15
2021-02-08,悲伤的人偶,鱼不摸了,采下的草,40,3
2021-02-08,我喝柠檬水,糖糖,重生护符,1,3
2021-02-08,危尔逊,但一切处无心,路牌,1,0
2021-02-08,莫言,妍妍,发光浆果慕斯,1,1
2021-02-08,莫言,Supercalifragilisticexpiadocions,炖肉汤,1,1
2021-02-08,拾伍.,但一切处无心,噩梦燃料,40,12
2021-02-08,拾伍.,但一切处无心,噩梦燃料,40,12
2021-02-08,尼古拉斯凯歧,悲伤的人偶,腐烂食物,1,0
2021-02-08,酥酥,覆水难收,黄金鹤嘴锄,1,3
2021-02-08,臻于至善,覆水难收,闪亮鞍具,1,17
2021-02-08,阿彻不会,覆水难收,刷子,1,30
2021-02-08,三十6,Supercalifragilisticexpiadocions,成熟石果,40,2
2021-02-08,一条小甜鱼,鱼不摸了,重生护符,1,2
2021-02-08,小小白,糖糖,重生护符,1,3
2021-02-08,覆水难收,三十6,圣诞灯,1,1
2021-02-08,覆水难收,臻于至善,圣诞灯,1,2
2021-02-08,臻于至善,みゆ,圣诞灯,1,21
2021-02-08,稚鱼,臻于至善,玻璃刀,1,2
2021-02-08,稚鱼,臻于至善,玻璃刀,1,2
2021-02-08,一条小甜鱼,江月,重生护符,1,2
2021-02-08,我喝柠檬水,江月,重生护符,1,3
2021-02-08,红中,江月,重生护符,1,3
2021-02-08,心醇气和,小公举天下第一,波兰水饺,3,1
2021-02-08,三十6,臻于至善,蜂王冠,1,2
2021-02-08,玻璃水面,流萤蚀,炖肉汤,1,1
2021-02-08,小小白,千层套路,重生护符,1,3
2021-02-08,Nothing,拾伍.,炖肉汤,1,1
2021-02-08,五技大师,可爱的小兔耳,采下的草,21,1
2021-02-08,千层套路,可爱的小兔耳,采下的芦苇,40,5
2021-02-08,千层套路,可爱的小兔耳,采下的芦苇,40,5
2021-02-08,千层套路,可爱的小兔耳,采下的芦苇,40,5
2021-02-08,小小白,千层套路,重生护符,1,3
2021-02-08,这是我的赎罪.,LeaunaK,骨头盔甲,1,15
2021-02-08,小小白,鱼不摸了,拆解魔杖,1,15
2021-02-08,心醇气和,拾伍.,波兰水饺,3,1
2021-02-08,五技大师,三十6,树枝,19,1
2021-02-08,糖糖,XuZiYi,清洁扫把,1,0
2021-02-08,小五,拾伍.,战斗头盔,1,1
2021-02-08,守望屁股,拾伍.,魂甲,1,2
2021-02-08,心醇气和,拾伍.,波兰水饺,3,1
2021-02-08,玻璃水面,妍妍,炖肉汤,1,1
2021-02-08,聚财老佛,三十6,乌鸦,1,1
2021-02-08,XuZiYi,糖糖,清洁扫把,1,0
2021-02-08,玻璃水面,Kiss My Ass^,炖肉汤,1,1
2021-02-08,风暴中的小白兔,三十6,炖肉汤,1,1
2021-02-08,臻于至善,膨胀,排箫,1,87
2021-02-08,这是我的赎罪.,臻于至善,坎普斯背包,1,30
2021-02-08,这是我的赎罪.,臻于至善,坎普斯背包,1,30
2021-02-08,这是我的赎罪.,臻于至善,坎普斯背包,1,30
2021-02-08,这是我的赎罪.,臻于至善,坎普斯背包,1,30
2021-02-08,这是我的赎罪.,臻于至善,坎普斯背包,1,30
2021-02-08,这是我的赎罪.,臻于至善,坎普斯背包,1,30
2021-02-08,这是我的赎罪.,臻于至善,坎普斯背包,1,30
2021-02-08,这是我的赎罪.,臻于至善,坎普斯背包,1,30
2021-02-08,这是我的赎罪.,臻于至善,坎普斯背包,1,30
2021-02-08,这是我的赎罪.,臻于至善,坎普斯背包,1,30
2021-02-08,这是我的赎罪.,臻于至善,坎普斯背包,1,30
2021-02-08,这是我的赎罪.,臻于至善,坎普斯背包,1,30
2021-02-08,这是我的赎罪.,臻于至善,坎普斯背包,1,30
2021-02-08,这是我的赎罪.,臻于至善,坎普斯背包,1,30
2021-02-08,这是我的赎罪.,臻于至善,坎普斯背包,1,30
2021-02-08,这是我的赎罪.,臻于至善,坎普斯背包,1,30
2021-02-08,这是我的赎罪.,臻于至善,坎普斯背包,1,30
2021-02-08,这是我的赎罪.,臻于至善,坎普斯背包,1,30
2021-02-08,这是我的赎罪.,臻于至善,坎普斯背包,1,30
2021-02-08,这是我的赎罪.,臻于至善,坎普斯背包,1,30
2021-02-08,小五,酥酥,战斗头盔,1,1
2021-02-08,凯特大魔王,这是我的赎罪.,重生护符,1,2
2021-02-08,小五,酥酥,战斗头盔,1,1
2021-02-08,玻璃水面,Supercalifragilisticexpiadocions,炖肉汤,1,1
2021-02-08,D·W,膨胀,地图,1,5
2021-02-08,Nothing,妍妍,发光浆果慕斯,1,1
2021-02-08,但一切处无心,三十6,火龙果派,20,10
2021-02-08,玻璃水面,Supercalifragilisticexpiadocions,炖肉汤,1,1
2021-02-08,心醇气和,拾伍.,波兰水饺,3,1
2021-02-08,红中,三十6,果冻沙拉,1,1
2021-02-08,守望屁股,我喝温开水,魂甲,1,2
2021-02-08,守望屁股,我喝温开水,魂甲,1,2
2021-02-08,守望屁股,我喝温开水,魂甲,1,2
2021-02-08,守望屁股,我喝温开水,魂甲,1,2
2021-02-08,守望屁股,我喝温开水,魂甲,1,2
2021-02-08,守望屁股,我喝温开水,魂甲,1,2
2021-02-08,守望屁股,我喝温开水,魂甲,1,2
2021-02-08,守望屁股,我喝温开水,魂甲,1,2
2021-02-08,守望屁股,我喝温开水,魂甲,1,2
2021-02-08,凯特大魔王,我喝温开水,重生护符,1,2
2021-02-08,凯特大魔王,我喝温开水,重生护符,1,2
2021-02-08,凯特大魔王,我喝温开水,重生护符,1,2
2021-02-08,凯特大魔王,我喝温开水,重生护符,1,2
2021-02-08,凯特大魔王,我喝温开水,重生护符,1,2
2021-02-08,凯特大魔王,我喝温开水,重生护符,1,2
2021-02-08,凯特大魔王,我喝温开水,重生护符,1,2
2021-02-08,凯特大魔王,我喝温开水,重生护符,1,2
2021-02-08,凯特大魔王,我喝温开水,重生护符,1,2
2021-02-08,凯特大魔王,我喝温开水,重生护符,1,2
2021-02-08,凯特大魔王,我喝温开水,重生护符,1,2
2021-02-08,凯特大魔王,我喝温开水,重生护符,1,2
2021-02-08,凯特大魔王,我喝温开水,重生护符,1,2
2021-02-08,糖糖,我喝温开水,燧石,40,1
2021-02-08,三十6,我喝温开水,蕨叶,40,1
2021-02-08,糖糖,我喝温开水,燧石,40,1
2021-02-08,糖糖,我喝温开水,燧石,40,1
2021-02-08,糖糖,我喝温开水,燧石,40,1
2021-02-08,糖糖,我喝温开水,燧石,40,1
2021-02-08,糖糖,我喝温开水,燧石,40,1
2021-02-08,深海鱼,1561628094,战斗头盔,1,0
2021-02-08,拾伍.,这是我的赎罪.,月岩雕像,1,3
2021-02-08,稚鱼,Giansoarcir,玻璃刀,1,2
2021-02-08,稚鱼,Giansoarcir,玻璃刀,1,2
2021-02-08,风暴中的小白兔,LRJ丶独行,发光浆果,1,2
2021-02-08,心醇气和,LRJ丶独行,鼹鼠,1,2
2021-02-08,心醇气和,LRJ丶独行,鼹鼠,1,2
2021-02-08,三十6,毛里求斯影帝,怪物肉干,20,2
2021-02-08,酥酥,膨胀,礼物包装,20,3
2021-02-08,酥酥,膨胀,礼物包装,20,3
2021-02-08,酥酥,膨胀,礼物包装,20,3
2021-02-08,酥酥,膨胀,礼物包装,20,3
2021-02-08,酥酥,膨胀,礼物包装,20,3
2021-02-08,酥酥,膨胀,礼物包装,20,3
2021-02-08,酥酥,膨胀,礼物包装,20,3
2021-02-08,酥酥,膨胀,礼物包装,20,3
2021-02-08,酥酥,膨胀,礼物包装,20,3
2021-02-08,酥酥,膨胀,礼物包装,20,3
2021-02-08,酥酥,膨胀,礼物包装,20,3
2021-02-08,酥酥,膨胀,礼物包装,20,3
2021-02-08,酥酥,这是我的赎罪.,礼物包装,20,3
2021-02-08,酥酥,这是我的赎罪.,礼物包装,20,3
2021-02-08,酥酥,这是我的赎罪.,礼物包装,20,3
2021-02-08,酥酥,这是我的赎罪.,礼物包装,20,3
2021-02-08,酥酥,这是我的赎罪.,礼物包装,20,3
2021-02-08,酥酥,这是我的赎罪.,礼物包装,20,3
2021-02-08,酥酥,绝情的奥利奥,礼物包装,6,1
2021-02-08,小小白,三十6,重生护符,1,3
2021-02-08,小小白,小可愛丶,重生护符,1,3
2021-02-08,LRJ丶独行,绝情的奥利奥,簇状种子,40,2
2021-02-08,LRJ丶独行,绝情的奥利奥,种子荚,40,2
2021-02-08,LRJ丶独行,绝情的奥利奥,尖形种子,40,2
2021-02-08,LRJ丶独行,绝情的奥利奥,尖种子,40,2
2021-02-08,膨胀,可爱的小兔耳,蜜汁火腿,5,0
2021-02-08,我喝温开水,妍妍,炖肉汤,1,1
2021-02-08,膨胀,落叶清枫,蜜汁火腿,5,0
2021-02-08,小小白,毛里求斯影帝,重生护符,1,3
2021-02-08,风暴中的小白兔,覆水难收,浆果,20,2
2021-02-08,莫言,落叶清枫,荧光果,5,1
2021-02-08,流萤蚀,1561628094,腐烂食物,40,0
2021-02-08,风暴中的小白兔,覆水难收,浆果,20,2
2021-02-08,膨胀,猪突猛进,蜜汁火腿,5,0
2021-02-08,玻璃水面,妍妍,炖肉汤,1,1
2021-02-08,可爱的小兔耳,凯特大魔王,皮鞭,1,0
2021-02-08,帕克,凯特大魔王,花锦鲤,1,1
2021-02-08,心醇气和,悲伤的人偶,波兰水饺,3,1
2021-02-08,小小白,1176981209,重生护符,1,3
2021-02-08,风暴中的小白兔,覆水难收,浆果,20,2
2021-02-08,江月,落叶清枫,锤子,1,2
2021-02-08,1561628094,妍妍,肉丸,1,0
2021-02-08,1561628094,妍妍,肉丸,1,0
2021-02-08,1561628094,妍妍,肉丸,1,0
2021-02-08,1561628094,妍妍,肉丸,1,0
2021-02-08,1561628094,妍妍,肉丸,1,0
2021-02-08,1561628094,妍妍,肉丸,1,0
2021-02-08,1561628094,妍妍,肉丸,1,0
2021-02-08,1561628094,妍妍,肉丸,1,0
2021-02-08,1561628094,妍妍,肉丸,1,0
2021-02-08,风暴中的小白兔,覆水难收,多汁浆果,16,1
2021-02-08,膨胀,臻于至善,蜜汁火腿,5,0
2021-02-08,膨胀,臻于至善,蜜汁火腿,5,0
2021-02-08,膨胀,凯特大魔王,蜜汁火腿,5,0
2021-02-08,膨胀,凯特大魔王,蜜汁火腿,5,0
2021-02-08,1561628094,凯特大魔王,辣椒炖肉,1,0
2021-02-08,妍妍,凯特大魔王,肉丸,7,0
2021-02-08,守望屁股,覆水难收,成熟石果,20,2
2021-02-08,玻璃水面,橙汁酸.,炖肉汤,1,1
2021-02-08,1561628094,落叶清枫,肉丸,1,0
2021-02-08,1561628094,落叶清枫,肉丸,1,0
2021-02-08,1561628094,凯特大魔王,辣椒炖肉,1,0
2021-02-08,1561628094,凯特大魔王,辣椒炖肉,1,0
2021-02-08,1561628094,凯特大魔王,蜜汁火腿,1,0
2021-02-08,1561628094,凯特大魔王,蜜汁卤肉,1,0
2021-02-08,1561628094,凯特大魔王,蜜汁卤肉,1,0
2021-02-08,凯特大魔王,臻于至善,树枝,1,20
2021-02-08,玻璃水面,这是我的赎罪.,炖肉汤,1,1
2021-02-08,凯特大魔王,猪突猛进,重生护符,1,2
2021-02-08,凯特大魔王,猪突猛进,重生护符,1,2
2021-02-08,Paul Walker,"Ural""skaya Dlinnonogaya",灰烬,1,1
2021-02-08,三十6,"Ural""skaya Dlinnonogaya",治疗药膏,5,1
2021-02-08,三十6,"Ural""skaya Dlinnonogaya",治疗药膏,5,1
2021-02-08,我玩游戏超强哒,猪突猛进,暖石,1,2
2021-02-08,拾伍.,流萤蚀,冬帽,1,1
2021-02-08,莫言,悲伤的人偶,炖肉汤,1,1
2021-02-08,凯特大魔王,Kate,重生护符,1,2
2021-02-08,风暴中的小白兔,这是我的赎罪.,炖肉汤,1,1
2021-02-08,这是我的赎罪.,毛里求斯影帝,洞穴蝙蝠翅膀,19,5
2021-02-08,猪突猛进,1561628094,蓝宝石,15,0
2021-02-08,凯特大魔王,猪突猛进,重生护符,1,2
2021-02-08,凯特大魔王,Kate,重生护符,1,2
2021-02-08,心醇气和,臻于至善,波兰水饺,3,1
2021-02-08,臻于至善,这是我的赎罪.,辣龙椒沙拉,1,2
2021-02-08,我喝温开水,这是我的赎罪.,辣龙椒沙拉,2,3
2021-02-08,覆水难收,王阿浪,天体探测仪,1,4
2021-02-08,三十6,这是我的赎罪.,发光浆果慕斯,3,5
2021-02-08,三十6,这是我的赎罪.,发光浆果慕斯,3,5
2021-02-08,Kiss My Ass^,memory,松软背心,1,5
2021-02-08,宠于温柔,不悔,金块,20,5
2021-02-08,心醇气和,帕克,波兰水饺,3,1
2021-02-08,拾伍.,1561628094,岩浆虫卵,1,3
2021-02-08,数字小姐,妹妹的大鲨鱼,触手尖刺,1,2
2021-02-08,YZB.墨然,妹妹的大鲨鱼,步行手杖,1,7
2021-02-08,酥酥,烛天,火腿棒,1,2
2021-02-08,臻于至善,少年约克,牛毛,5,2
2021-02-08,臻于至善,这是我的赎罪.,发光浆果慕斯,3,2
2021-02-08,臻于至善,这是我的赎罪.,辣龙椒沙拉,3,2
2021-02-08,臻于至善,少年约克,牛毛,5,2
2021-02-08,风暴中的小白兔,凯特大魔王,炖肉汤,1,1
2021-02-08,凯特大魔王,千层套路,重生护符,1,2
2021-02-08,守望屁股,三十6,暗夜剑,1,2
2021-02-09,YUI,memory,透气背心,1,3
2021-02-09,尼古拉斯凯歧,Kiss My Ass^,懒人魔杖,1,5
2021-02-09,Jason Ruin,这是我的赎罪.,甜辣龙椒沙拉,2,5
2021-02-09,Jason Ruin,这是我的赎罪.,甜辣龙椒沙拉,2,5
2021-02-09,心醇气和,这是我的赎罪.,波兰水饺,3,1
2021-02-09,莫言,凯特大魔王,荧光果,6,1
2021-02-09,5421,九华之貌,贝雷帽,1,8
2021-02-09,然然,九华之貌,暖石,1,2
2021-02-09,聚财老佛,悲伤的人偶,蓝图,1,3
2021-02-09,聚财老佛,悲伤的人偶,蓝图,1,3
2021-02-09,危尔逊,悲伤的人偶,蓝图,1,8
2021-02-09,鱼不摸了,悲伤的人偶,蓝图,1,12
2021-02-09,鱼不摸了,悲伤的人偶,蓝图,1,12
2021-02-09,小小白,memory,重生护符,1,3
2021-02-09,风暴中的小白兔,凯特大魔王,炖肉汤,1,1
2021-02-09,Jason Ruin,这是我的赎罪.,甜辣龙椒沙拉,2,5
2021-02-09,小小白,悲伤的人偶,重生护符,1,3
2021-02-09,凯特大魔王,我喝柠檬水,重生护符,1,2
2021-02-09,凯特大魔王,我喝柠檬水,重生护符,1,2
2021-02-09,这是我的赎罪.,凯特大魔王,排箫,1,100
2021-02-09,鱼不摸了,深海鱼,空鸟嘴壶,1,10
2021-02-09,鱼不摸了,深海鱼,空鸟嘴壶,1,10
2021-02-09,1561628094,三十6,蜂蜜,40,1
2021-02-09,1561628094,三十6,蜂蜜,40,1
2021-02-09,莫言,三十6,怪物肉干,17,1
2021-02-09,心醇气和,悲伤的人偶,波兰水饺,3,1
2021-02-09,Nothing,这是我的赎罪.,炖肉汤,1,1
2021-02-09,Nothing,这是我的赎罪.,炖肉汤,1,1
2021-02-09,Nothing,这是我的赎罪.,炖肉汤,1,1
2021-02-09,Nothing,这是我的赎罪.,炖肉汤,1,1
2021-02-09,Nothing,这是我的赎罪.,炖肉汤,1,1
2021-02-09,Nothing,这是我的赎罪.,炖肉汤,1,1
2021-02-09,Nothing,这是我的赎罪.,炖肉汤,1,1
2021-02-09,7cake,这是我的赎罪.,骨头碎片,2,800
2021-02-09,千层套路,烛天,辣伏特羊肉冻,1,4
2021-02-09,小五,烛天,辣伏特羊肉冻,2,5
2021-02-09,可爱的小兔耳,悲伤的人偶,肉丸,3,1
2021-02-09,但一切处无心,酱O菌~,发光浆果,1,10
2021-02-09,Nothing,悲伤的人偶,炖肉汤,1,1
2021-02-09,帕克,悲伤的人偶,炖肉汤,1,1
2021-02-09,烛天,玻璃水面,锤子,1,0
2021-02-09,酱O菌~,みゆ,重生护符,1,2
2021-02-09,流萤蚀,我的小宝贝,月岩雕像,1,2
2021-02-09,心醇气和,YZB.墨然,波兰水饺,3,1
2021-02-09,小小白,YZB.墨然,重生护符,1,3
2021-02-09,YZB.墨然,我的小宝贝,玻璃刀,1,15
2021-02-09,一条小甜鱼,我的小宝贝,重生护符,1,3
2021-02-09,王阿浪,我的小宝贝,荧光果,10,2
2021-02-09,聚财老佛,我的小宝贝,战斗头盔,1,2
2021-02-09,>°)))>彡,我的小宝贝,果酱,2,1
2021-02-09,三十6,我的小宝贝,治疗药膏,5,1
2021-02-09,心醇气和,我的小宝贝,波兰水饺,3,1
2021-02-09,玻璃水面,waiyousans1,火腿棒,1,0
2021-02-09,聚财老佛,我的小宝贝,战斗头盔,1,2
2021-02-09,橘右京,玻璃水面,幸运黄金,1,0
2021-02-09,酱O菌~,妍妍,食人花种子,1,2
2021-02-09,小小白,waiyousans1,重生护符,1,3
2021-02-09,小小白,宠于温柔,重生护符,1,3
2021-02-09,小小白,宠于温柔,重生护符,1,3
2021-02-09,一条小甜鱼,Nothing,辣椒面,40,5
2021-02-09,流萤蚀,宠于温柔,钢丝绵,1,30
2021-02-09,5421,宠于温柔,海象牙,1,8
2021-02-09,这是我的赎罪.,危尔逊,蜂王冠,1,5
2021-02-09,莫言,臻于至善,火腿棒,1,1
2021-02-09,waiyousans1,凯特大魔王,触手尖刺,1,1
2021-02-09,臻于至善,危尔逊,骨头盔甲,1,14
2021-02-09,凯特大魔王,みゆ,重生护符,1,2
2021-02-09,酱O菌~,危尔逊,骨头盔甲,1,10
2021-02-09,104,宠于温柔,火龙果派,9,0
2021-02-09,可爱的小兔耳,凯特大魔王,炖肉汤,1,1
2021-02-09,1561628094,凯特大魔王,树苗,10,0
2021-02-09,凯特大魔王,immlker.,重生护符,1,2
2021-02-09,妹妹的大鲨鱼,immlker.,背包,1,1
2021-02-09,我喝温开水,immlker.,舒缓茶,2,3
2021-02-09,帕克,凯特大魔王,炖肉汤,1,1
2021-02-09,凯特大魔王,immlker.,重生护符,1,2
2021-02-09,一杯安慕希,immlker.,锤子,1,2
2021-02-09,凯特大魔王,immlker.,重生护符,1,2
2021-02-09,凯特大魔王,Nothing,重生护符,1,2
2021-02-09,凯特大魔王,Nothing,重生护符,1,2
2021-02-09,心醇气和,immlker.,波兰水饺,3,1
2021-02-09,104,Nothing,荧光果,8,0
2021-02-09,凯特大魔王,immlker.,重生护符,1,2
2021-02-09,凯特大魔王,immlker.,重生护符,1,2
2021-02-09,可爱的小兔耳,immlker.,肉丸,2,1
2021-02-09,三十6,immlker.,治疗药膏,5,1
2021-02-09,我玩游戏超强哒,火烧云,齿轮,40,10
2021-02-09,凯特大魔王,Nothing,重生护符,1,2
2021-02-09,凯特大魔王,危尔逊,重生护符,1,2
2021-02-09,帕克,凯特大魔王,炖肉汤,1,1
2021-02-09,Nothing,危尔逊,冬象鼻,1,0
2021-02-09,守望屁股,Giansoarcir,暗夜剑,1,2
2021-02-09,守望屁股,Giansoarcir,暗夜剑,1,2
2021-02-09,守望屁股,Giansoarcir,暗夜剑,1,2
2021-02-09,Zima Blue,Giansoarcir,高礼帽,1,2
2021-02-09,红中,Giansoarcir,暗夜剑,1,2
2021-02-09,妹妹的大鲨鱼,火烧云,背包,1,1
2021-02-09,但一切处无心,可爱的小兔耳,鼹鼠帽,1,8
2021-02-09,Nothing,可爱的小兔耳,冬象鼻,1,0
2021-02-09,我喝温开水,凯特大魔王,舒缓茶,2,2
2021-02-09,一条小甜鱼,Pijjy,硝石,20,0
2021-02-09,凯特大魔王,Nothing,重生护符,1,2
2021-02-09,凯特大魔王,Giansoarcir,重生护符,1,2
2021-02-09,1561628094,流萤蚀,荧光果,4,0
2021-02-09,守望屁股,覆水难收,成熟石果,20,2
2021-02-09,小五,这是我的赎罪.,发光浆果慕斯,1,1
2021-02-09,臻于至善,YZB.墨然,眼球伞,1,17
2021-02-09,拾伍.,Pijjy,蓝图,1,2
2021-02-09,酱O菌~,1561628094,触手尖刺,1,1
2021-02-09,waiyousans1,Pijjy,石头,40,5
2021-02-09,守望屁股,覆水难收,成熟石果,20,2
2021-02-09,凯特大魔王,Giansoarcir,重生护符,1,2
2021-02-09,莫言,凯特大魔王,炖肉汤,1,1
2021-02-09,帕克,危尔逊,炖肉汤,1,1
2021-02-09,凯特大魔王,YZB.墨然,重生护符,1,2
2021-02-09,流萤蚀,慢慢雪,食人花种子,2,10
2021-02-09,危尔逊,慢慢雪,食人花种子,1,18
2021-02-09,小小白,YZB.墨然,重生护符,1,3
2021-02-09,拾伍.,YZB.墨然,骨头头盔,1,5
2021-02-09,三十6,YZB.墨然,治疗药膏,5,1
2021-02-09,三十6,YZB.墨然,治疗药膏,5,1
2021-02-09,小五,Nothing,发光浆果慕斯,1,1
2021-02-09,Nothing,凯特大魔王,蜂王冠,1,200
2021-02-09,1561628094,Nothing,荧光果,1,0
2021-02-09,心醇气和,可爱的小兔耳,波兰水饺,3,1
2021-02-09,凯特大魔王,这是我的赎罪.,莎草纸,1,0
2021-02-09,LRJ丶独行,一条小甜鱼,球茎状种子,40,2
2021-02-09,小五,Nothing,发光浆果慕斯,1,1
2021-02-09,少年约克,臻于至善,蜘蛛丝,40,5
2021-02-09,Giansoarcir,臻于至善,盐晶,40,15
2021-02-09,Giansoarcir,臻于至善,盐晶,40,15
2021-02-09,春和景明,LRJ丶独行,发芽的石果,1,1
2021-02-09,104,LRJ丶独行,发芽的石果,10,10
2021-02-09,流萤蚀,LRJ丶独行,月岩雕像,1,2
2021-02-09,Giansoarcir,臻于至善,牛角,1,35
2021-02-09,西瓜,waiyousans1,浆果,4,1
2021-02-09,>°)))>彡,凯特大魔王,炖肉汤,1,1
2021-02-09,小五,LRJ丶独行,鼹鼠帽,1,8
2021-02-09,红中,Supercalifragilisticexpiadocions,果冻沙拉,1,1
2021-02-09,帕克,Supercalifragilisticexpiadocions,炖肉汤,1,1
2021-02-09,流萤蚀,大北,海象牙,1,8
2021-02-09,流萤蚀,这是我的赎罪.,月岩雕像,1,2
2021-02-09,这是我的赎罪.,大北,金块,20,2
2021-02-09,糖糖,这是我的赎罪.,燧石,28,1
2021-02-09,但一切处无心,这是我的赎罪.,蓝宝石,21,10
2021-02-09,Lengmocong,这是我的赎罪.,蓝宝石,22,11
2021-02-09,Kiss My Ass^,anlisang,锤子,1,1
2021-02-09,Nothing,Supercalifragilisticexpiadocions,炖肉汤,1,1
2021-02-09,PKSH ↓→↓→H,这是我的赎罪.,齿轮,40,10
2021-02-09,小小白,みゆ,重生护符,1,3
2021-02-09,臻于至善,凯特大魔王,莎草纸,40,15
2021-02-09,臻于至善,这是我的赎罪.,莎草纸,40,15
2021-02-09,危尔逊,臻于至善,鹿角,1,1
2021-02-09,危尔逊,臻于至善,鹿角,1,1
2021-02-09,危尔逊,臻于至善,鹿角,1,1
2021-02-09,Kiss My Ass^,臻于至善,噩梦燃料,40,10
2021-02-09,waiyousans1,臻于至善,噩梦燃料,40,10
2021-02-09,心醇气和,危尔逊,波兰水饺,3,1
2021-02-09,但一切处无心,一杯安慕希,重生护符,1,3
2021-02-09,红中,凯特大魔王,果冻沙拉,1,1
2021-02-09,可爱的小兔耳,这是我的赎罪.,炖肉汤,1,1
2021-02-09,可爱的小兔耳,这是我的赎罪.,炖肉汤,1,1
2021-02-09,帕克,这是我的赎罪.,肉丸,2,1
2021-02-09,心醇气和,这是我的赎罪.,波兰水饺,3,1
2021-02-09,小小白,みゆ,重生护符,1,3
2021-02-09,小小白,这是我的赎罪.,重生护符,1,3
2021-02-09,超级大蓝莓,露西娅,独眼巨鹿眼球,1,16
2021-02-09,但一切处无心,这是我的赎罪.,重生护符,1,3
2021-02-09,臻于至善,危尔逊,蘑菇皮,1,9
2021-02-09,但一切处无心,Nothing,重生护符,1,3
2021-02-09,酱O菌~,三十6,兔子,1,1
2021-02-09,酱O菌~,三十6,兔子,1,1
2021-02-09,酱O菌~,三十6,兔子,1,1
2021-02-09,酱O菌~,三十6,兔子,1,1
2021-02-09,可爱的小兔耳,妍妍,肉丸,2,1
2021-02-09,帕克,我玩游戏超强哒,炖肉汤,1,1
2021-02-09,帕克,凯特大魔王,炖肉汤,1,1
2021-02-09,帕克,凯特大魔王,炖肉汤,1,1
2021-02-09,臻于至善,我喝温开水,莎草纸,40,15
2021-02-09,臻于至善,我喝温开水,莎草纸,40,15
2021-02-09,臻于至善,我喝温开水,莎草纸,40,15
2021-02-09,waiyousans1,我喝温开水,猪皮,20,10
2021-02-09,waiyousans1,我喝温开水,发光浆果,5,5
2021-02-09,大北,我喝温开水,蜂蜜,40,2
2021-02-09,这是我的赎罪.,我喝温开水,蜂蜜,40,3
2021-02-09,这是我的赎罪.,我喝温开水,蜂蜜,40,3
2021-02-09,这是我的赎罪.,我喝温开水,蜂蜜,40,3
2021-02-09,三十6,我喝温开水,蜂蜜,40,3
2021-02-09,这是我的赎罪.,我喝温开水,蜂蜜,40,3
2021-02-09,这是我的赎罪.,我喝温开水,蜂蜜,40,3
2021-02-09,这是我的赎罪.,我喝温开水,蜂蜜,40,3
2021-02-09,三十6,我喝温开水,蜂蜜,40,3
2021-02-09,三十6,我喝温开水,蜂蜜,40,3
2021-02-09,这是我的赎罪.,我喝温开水,蜂蜜,40,3
2021-02-09,三十6,Jason Ruin,犬牙,40,1
2021-02-09,危尔逊,waiyousans1,玻璃尖刺,1,1
2021-02-09,危尔逊,waiyousans1,玻璃尖刺,1,1
2021-02-09,危尔逊,waiyousans1,玻璃尖刺,1,1
2021-02-09,危尔逊,waiyousans1,玻璃尖刺,1,1
2021-02-09,危尔逊,waiyousans1,玻璃尖刺,1,1
2021-02-09,危尔逊,waiyousans1,玻璃尖刺,1,1
2021-02-09,危尔逊,waiyousans1,玻璃尖刺,1,1
2021-02-09,危尔逊,waiyousans1,玻璃尖刺,1,1
2021-02-09,危尔逊,waiyousans1,玻璃尖刺,1,1
2021-02-09,宠于温柔,露西娅,烤怪物肉,20,5
2021-02-09,但一切处无心,みゆ,重生护符,1,3
2021-02-09,但一切处无心,みゆ,重生护符,1,3
2021-02-09,心醇气和,这是我的赎罪.,波兰水饺,3,1
2021-02-09,但一切处无心,Pijjy,重生护符,1,3
2021-02-09,心醇气和,Pijjy,波兰水饺,3,1
2021-02-09,Kiss My Ass^,Pijjy,蜂王冠,1,7
2021-02-09,心醇气和,Pijjy,波兰水饺,3,1
2021-02-09,但一切处无心,anlisang,重生护符,1,3
2021-02-09,Kate,这是我的赎罪.,炖肉汤,1,1
2021-02-09,小五,小麦麦,芦笋冷汤,1,1
2021-02-09,可爱的小兔耳,但一切处无心,木头,20,1
2021-02-09,帕克,这是我的赎罪.,炖肉汤,1,1
2021-02-09,帕克,这是我的赎罪.,炖肉汤,1,1
2021-02-09,帕克,这是我的赎罪.,炖肉汤,1,1
2021-02-09,7cake,莫失莫忘,锤子,1,1
2021-02-09,但一切处无心,小麦麦,重生护符,1,3
2021-02-09,莫言,みゆ,重生护符,1,3
2021-02-09,莫言,みゆ,重生护符,1,3
2021-02-09,莫言,小麦麦,重生护符,1,3
2021-02-09,莫言,みゆ,重生护符,1,3
2021-02-09,一杯安慕希,陌言,海象牙,1,5
2021-02-09,莫言,みゆ,重生护符,1,3
2021-02-09,莫言,みゆ,重生护符,1,3
2021-02-09,莫言,みゆ,重生护符,1,3
2021-02-09,莫言,みゆ,重生护符,1,3
2021-02-09,少年约克,みゆ,重生护符,1,3
2021-02-09,waiyousans1,【腐蚀星光】,猪皮,20,5
2021-02-09,可爱的小兔耳,悲伤的人偶,肉丸,2,1
2021-02-09,鱼不摸了,可爱的小兔耳,蓝图,1,12
2021-02-09,鱼不摸了,可爱的小兔耳,蓝图,1,12
2021-02-09,D·W,可爱的小兔耳,地图,1,5
2021-02-09,臻于至善,可爱的小兔耳,蓝图,1,26
2021-02-09,臻于至善,可爱的小兔耳,蓝图,1,41
2021-02-09,waiyousans1,可爱的小兔耳,蓝图,1,5
2021-02-09,千层套路,悲伤的人偶,炖肉汤,1,1
2021-02-09,烛天,但一切处无心,暗影心房,1,10
2021-02-09,时光,Nothing,黄油,1,1
2021-02-09,稚鱼,Nothing,懒人护符,1,8
2021-02-09,稚鱼,【腐蚀星光】,萤火虫,1,2
2021-02-09,小五,Gin,发光浆果慕斯,1,1
2021-02-09,三十6,Gin,发光浆果慕斯,3,5
2021-02-09,三十6,Gin,发光浆果慕斯,3,5
2021-02-09,三十6,Gin,发光浆果慕斯,3,5
2021-02-09,三十6,Gin,发光浆果慕斯,3,5
2021-02-09,三十6,Gin,发光浆果慕斯,3,5
2021-02-09,三十6,Gin,发光浆果慕斯,3,5
2021-02-09,三十6,Gin,发光浆果慕斯,3,5
2021-02-09,三十6,Gin,发光浆果慕斯,3,5
2021-02-09,PKSH ↓→↓→H,1561628094,齿轮,40,10
2021-02-09,1561628094,悲伤的人偶,蜜汁卤肉,4,1
2021-02-09,时光,臻于至善,种子,34,0
2021-02-09,这是我的赎罪.,Clark,坎普斯背包,1,30
2021-02-09,这是我的赎罪.,Clark,坎普斯背包,1,30
2021-02-09,这是我的赎罪.,Clark,坎普斯背包,1,30
2021-02-09,这是我的赎罪.,Clark,坎普斯背包,1,35
2021-02-09,这是我的赎罪.,Clark,坎普斯背包,1,35
2021-02-09,这是我的赎罪.,Clark,坎普斯背包,1,35
2021-02-09,这是我的赎罪.,Clark,坎普斯背包,1,30
2021-02-09,这是我的赎罪.,Clark,坎普斯背包,1,30
2021-02-09,玻璃水面,Pijjy,炖肉汤,1,1
2021-02-09,千层套路,Supercalifragilisticexpiadocions,炖肉汤,1,1
2021-02-09,YZB.墨然,凌空打电动,齿轮,1,1
2021-02-09,五技大师,凌空打电动,齿轮,1,1
2021-02-09,Pijjy,但一切处无心,岩石地皮,3,0
2021-02-09,一条小甜鱼,稚鱼,重生护符,1,3
2021-02-09,一条小甜鱼,稚鱼,重生护符,1,3
2021-02-09,我喝温开水,臻于至善,必忘我,40,3
2021-02-09,我喝温开水,臻于至善,必忘我,40,3
2021-02-09,我喝温开水,臻于至善,必忘我,40,3
2021-02-09,PKSH ↓→↓→H,凌空打电动,齿轮,40,10
2021-02-09,稚鱼,这是我的赎罪.,矿工帽,1,3
2021-02-09,千层套路,Nothing,肉丸,2,1
2021-02-09,>°)))>彡,ProfessorVanya,果酱,2,1
2021-02-09,流萤蚀,1561628094,炖肉汤,1,0
2021-02-09,Pijjy,流萤蚀,森林地皮,4,0
2021-02-09,拾伍.,ProfessorVanya,雨伞,1,1
2021-02-09,可爱的小兔耳,ProfessorVanya,木头,20,1
2021-02-09,玻璃水面,Pijjy,炖肉汤,1,1
2021-02-09,Nothing,危尔逊,炖肉汤,1,1
2021-02-09,千层套路,稚鱼,炖肉汤,1,1
2021-02-09,一条小甜鱼,莫言,重生护符,1,3
2021-02-09,一条小甜鱼,莫言,重生护符,1,3
2021-02-09,一条小甜鱼,莫言,重生护符,1,3
2021-02-09,膨胀,稚鱼,锤子,1,2
2021-02-09,LRJ丶独行,鱼不摸了,干草叉,1,2
2021-02-09,江月,手冲先辈八二五,牛角帽,1,7
2021-02-09,江月,某杰,暗夜剑,1,3
2021-02-09,臻于至善,手冲先辈八二五,可靠的胶布,20,11
2021-02-09,拾伍.,手冲先辈八二五,针线包,1,4
2021-02-09,一条小甜鱼,YY丨琳,重生护符,1,3
2021-02-09,一条小甜鱼,YY丨琳,重生护符,1,3
2021-02-09,三十6,YY丨琳,治疗药膏,5,1
2021-02-09,可爱的小兔耳,我喝温开水,木头,20,1
2021-02-09,可爱的小兔耳,我喝温开水,木头,20,1
2021-02-09,可爱的小兔耳,我喝温开水,木头,20,1
2021-02-09,可爱的小兔耳,我喝温开水,木头,20,1
2021-02-09,可爱的小兔耳,我喝温开水,木头,20,1
2021-02-09,少年约克,啊咧咧,荧光果,40,3
2021-02-09,Pijjy,我喝温开水,麋鹿鹅羽毛,8,1
2021-02-09,某杰,我喝温开水,噩梦燃料,5,1
2021-02-09,号少年,啊咧咧,唤星者魔杖,1,12
2021-02-09,臻于至善,我喝温开水,莎草纸,40,15
2021-02-09,臻于至善,我喝温开水,莎草纸,40,15
2021-02-09,某杰,我喝温开水,小发光浆果,6,1
2021-02-09,心醇气和,酥酥,波兰水饺,3,1
2021-02-09,这是我的赎罪.,我喝温开水,蜂蜜,40,3
2021-02-09,心醇气和,酥酥,波兰水饺,3,1
2021-02-09,这是我的赎罪.,我喝温开水,蜂蜜,40,3
2021-02-09,这是我的赎罪.,我喝温开水,蜂蜜,40,3
2021-02-09,一条小甜鱼,玻璃水面,重生护符,1,3
2021-02-09,玻璃水面,悲伤的人偶,炖肉汤,1,1
2021-02-09,一条小甜鱼,YY丨琳,重生护符,1,3
2021-02-09,一条小甜鱼,YY丨琳,重生护符,1,3
2021-02-09,一条小甜鱼,悲伤的人偶,重生护符,1,3
2021-02-09,玻璃水面,悲伤的人偶,炖肉汤,1,1
2021-02-09,莫言,YY丨琳,荧光果,5,1
2021-02-09,可爱的小兔耳,手冲先辈八二五,提灯,1,11
2021-02-09,酱O菌~,啊咧咧,乌鸦,1,1
2021-02-09,104,危尔逊,石果灌木丛,10,5
2021-02-09,我喝温开水,小麦麦,舒缓茶,2,3
2021-02-09,一条小甜鱼,小麦麦,重生护符,1,3
2021-02-09,一条小甜鱼,小麦麦,重生护符,1,3
2021-02-09,一条小甜鱼,小麦麦,重生护符,1,3
2021-02-09,臻于至善,莫言,树枝,40,2
2021-02-09,危尔逊,深海鱼,鹿角,1,1
2021-02-09,少年约克,Kiss My Ass^,金块,20,5
2021-02-09,流萤蚀,深海鱼,鹿角,1,2
2021-02-09,凌空打电动,稚鱼,紫宝石,2,2
2021-02-09,Pijjy,深海鱼,金色腰带,1,3
2021-02-09,流萤蚀,小麦麦,月岩雕像,1,2
2021-02-09,一条小甜鱼,啊咧咧,重生护符,1,3
2021-02-09,玻璃水面,帕克,炖肉汤,1,1
2021-02-09,一条小甜鱼,小麦麦,重生护符,1,3
2021-02-09,玻璃水面,莫言,炖肉汤,1,1
2021-02-09,一条小甜鱼,YY丨琳,重生护符,1,3
2021-02-09,莫言,LeaunaK,火腿棒,1,2
2021-02-09,凯特大魔王,玲珑,牛角帽,1,10
2021-02-09,玻璃水面,鱼不摸了,炖肉汤,1,1
2021-02-09,一条小甜鱼,啊咧咧,重生护符,1,3
2021-02-09,一条小甜鱼,啊咧咧,重生护符,1,3
2021-02-09,稚鱼,手冲先辈八二五,牛角帽,1,2
2021-02-09,心醇气和,帕克,波兰水饺,3,1
2021-02-09,时光,我喝柠檬水,冬象鼻,1,1
2021-02-09,时光,我喝柠檬水,冬象鼻,1,1
2021-02-09,一条小甜鱼,YY丨琳,重生护符,1,3
2021-02-09,莫失莫忘,稚鱼,黄金铲子,1,1
2021-02-09,waiyousans1,啊咧咧,暗夜剑,1,3
2021-02-09,凯特大魔王,小小白,坎普斯背包,1,50
2021-02-09,超级大蓝莓,时光,独眼巨鹿眼球,1,16
2021-02-09,玻璃水面,帕克,炖肉汤,1,1
2021-02-09,江月,糖果,黄金鹤嘴锄,1,2
2021-02-09,稚鱼,一杯安慕希,重生护符,1,3
2021-02-09,玻璃水面,糖果,炖肉汤,1,1
2021-02-09,我喝温开水,YY丨琳,重生护符,1,3
2021-02-09,小五,帕克,芦笋冷汤,1,1
2021-02-09,风暴中的小白兔,YY丨琳,蜂蜜,20,2
2021-02-09,一条小甜鱼,凯特大魔王,重生护符,1,3
2021-02-09,我喝温开水,这是我的赎罪.,重生护符,1,3
2021-02-09,Jason Ruin,Pijjy,重生护符,1,3
2021-02-09,一条小甜鱼,凯特大魔王,重生护符,1,3
2021-02-09,心醇气和,这是我的赎罪.,波兰水饺,3,1
2021-02-09,我喝柠檬水,时光,重生护符,1,3
2021-02-09,我喝温开水,帕克,舒缓茶,2,3
2021-02-09,稚鱼,一杯安慕希,重生护符,1,3
2021-02-09,我喝温开水,啊咧咧,重生护符,1,3
2021-02-09,但一切处无心,啊咧咧,骨头头盔,1,6
2021-02-09,但一切处无心,啊咧咧,骨头头盔,1,6
2021-02-09,但一切处无心,守望屁股,雨伞,1,0
2021-02-09,一条小甜鱼,YY丨琳,重生护符,1,3
2021-02-09,但一切处无心,YY丨琳,重生护符,1,3
2021-02-09,莫言,YY丨琳,重生护符,1,3
2021-02-09,莫言,YY丨琳,重生护符,1,3
2021-02-09,稚鱼,Kiss My Ass^,辣伏特羊肉冻,1,0
2021-02-09,数字小姐,时光,蓝图,1,5
2021-02-09,但一切处无心,时光,骨头盔甲,1,6
2021-02-09,但一切处无心,时光,骨头盔甲,1,6
2021-02-09,但一切处无心,时光,骨头盔甲,1,6
2021-02-09,心醇气和,Kiss My Ass^,波兰水饺,3,1
2021-02-09,凯特大魔王,Pijjy,荧光果,6,1
2021-02-09,玻璃水面,鱼不摸了,炖肉汤,1,1
2021-02-09,玻璃水面,鱼不摸了,炖肉汤,1,1
2021-02-09,Kiss My Ass^,Nothing,辣椒面,40,8
2021-02-09,臻于至善,我喝柠檬水,莎草纸,40,16
2021-02-09,臻于至善,我喝柠檬水,莎草纸,40,16
2021-02-09,莫言,糖糖,重生护符,1,3
2021-02-09,但一切处无心,糖糖,重生护符,1,3
2021-02-09,莫言,糖糖,重生护符,1,3
2021-02-09,但一切处无心,柿子,重生护符,1,3
2021-02-09,酱O菌~,三十6,乌鸦,1,1
2021-02-09,拾伍.,但一切处无心,木板,10,7
2021-02-09,我喝柠檬水,柿子,重生护符,1,3
2021-02-09,心醇气和,Pijjy,波兰水饺,3,1
2021-02-09,Pijjy,AWAWA,蓝图,1,2
2021-02-09,莫言,糖糖,重生护符,1,3
2021-02-09,我喝温开水,千层套路,重生护符,1,3
2021-02-09,玻璃水面,千层套路,火腿棒,1,2
2021-02-09,稚鱼,千层套路,重生护符,1,3
2021-02-09,悲伤的人偶,莫言,采下的草,10,1
2021-02-09,臻于至善,莫言,树枝,40,2
2021-02-09,稚鱼,Pijjy,蓝图,1,0
2021-02-09,莫言,悲伤的人偶,重生护符,1,3
2021-02-09,三十6,Nothing,辣椒面,17,2
2021-02-09,可爱的小兔耳,莫言,荧光果,5,1
2021-02-09,时光,PKSH ↓→↓→H,食人花种子,1,15
2021-02-09,臻于至善,PKSH ↓→↓→H,食人花种子,1,21
2021-02-09,酥酥,悲伤的人偶,暗影心房,1,10
2021-02-09,可爱的小兔耳,覆水难收,荧光果,5,1
2021-02-09,三十6,鱼不摸了,节日欢愉,2,2
2021-02-09,みゆ,莫言,炖肉汤,1,1
2021-02-09,莫言,危尔逊,重生护符,1,3
2021-02-09,みゆ,鱼不摸了,炖肉汤,1,1
2021-02-09,玻璃水面,1030870428,火腿棒,1,0
2021-02-09,守望屁股,dayanjinyumz,成熟石果,20,2
2021-02-09,小五,臻于至善,芦笋冷汤,1,1
2021-02-09,みゆ,dayanjinyumz,炖肉汤,1,1
2021-02-09,莫言,dayanjinyumz,重生护符,1,3
2021-02-09,三十6,tm5ljid,治疗药膏,5,1
2021-02-09,我玩游戏超强哒,tm5ljid,齿轮,40,10
2021-02-09,帕克,tm5ljid,浆果,40,3
2021-02-09,帕克,tm5ljid,浆果,32,3
2021-02-09,少年约克,tm5ljid,蜂蜜,40,4
2021-02-09,三十6,tm5ljid,火龙果,20,2
2021-02-09,玻璃水面,臻于至善,炖肉汤,1,1
2021-02-09,みゆ,小可愛丶,炖肉汤,1,1
2021-02-09,waiyousans1,cnctemar,蛞蝓龟黏液,40,12
2021-02-09,waiyousans1,tm5ljid,肉,20,5
2021-02-09,糖糖,Cinta,燧石,23,1
2021-02-09,这是我的赎罪.,Kiss My Ass^,暗影香炉,1,5
2021-02-09,这是我的赎罪.,Kiss My Ass^,暗影香炉,1,5
2021-02-09,但一切处无心,Kiss My Ass^,骨头盔甲,1,6
2021-02-09,稚鱼,Kiss My Ass^,牛角帽,1,2
2021-02-09,みゆ,臻于至善,炖肉汤,1,1
2021-02-09,玻璃水面,小可愛丶,炖肉汤,1,1
2021-02-09,三十6,少年约克,火龙果派,5,3
2021-02-09,心醇气和,Cinta,波兰水饺,3,1
2021-02-09,心醇气和,Cinta,波兰水饺,3,1
2021-02-09,心醇气和,Cinta,波兰水饺,3,1
2021-02-09,心醇气和,小可愛丶,波兰水饺,3,1
2021-02-09,稚鱼,Kiss My Ass^,锤子,1,1
2021-02-10,帕克,小可愛丶,肉丸,2,1
2021-02-10,凯特大魔王,这是我的赎罪.,蜗壳护甲,1,200
2021-02-10,玻璃水面,Cinta,船套装,1,0
2021-02-10,号少年,一条小甜鱼,齿轮,40,10
2021-02-10,少年约克,一条小甜鱼,风干肉,10,3
2021-02-10,みゆ,小可愛丶,炖肉汤,1,1
2021-02-10,可爱的小兔耳,少年约克,荧光果,5,1
2021-02-10,みゆ,小可愛丶,炖肉汤,1,1
2021-02-10,小丑Carnage,悲伤的人偶,钢丝绵,2,5
2021-02-10,小小白,悲伤的人偶,唤星者魔杖,1,15
2021-02-10,みゆ,Cinta,炖肉汤,1,1
2021-02-10,三十6,鱼不摸了,圣诞灯,1,20
2021-02-10,三十6,鱼不摸了,圣诞灯,1,20
2021-02-10,三十6,鱼不摸了,圣诞灯,1,20
2021-02-10,膨胀,这是我的赎罪.,锤子,1,2
2021-02-10,拾伍.,这是我的赎罪.,木板,10,7
2021-02-10,但一切处无心,Kiss My Ass^,蜂王冠,1,5
2021-02-10,但一切处无心,Kiss My Ass^,蜂王冠,1,5
2021-02-10,但一切处无心,Kiss My Ass^,蜂王冠,1,5
2021-02-10,数字小姐,三十6,荧光果,10,0
2021-02-10,暮雨繁,三十6,犬牙,40,0
2021-02-10,暮雨繁,三十6,犬牙,40,0
2021-02-10,暮雨繁,三十6,蜘蛛卵,2,0
2021-02-10,玻璃水面,小可愛丶,炖肉汤,1,1
2021-02-10,玻璃水面,anlisang,辣伏特羊肉冻,2,0
2021-02-10,みゆ,小可愛丶,炖肉汤,1,1
2021-02-10,玻璃水面,Supercalifragilisticexpiadocions,炖肉汤,1,1
2021-02-10,莫言,小可愛丶,重生护符,1,3
2021-02-10,玻璃水面,Supercalifragilisticexpiadocions,炖肉汤,1,1
2021-02-10,小五,悲伤的人偶,芦笋冷汤,1,1
2021-02-10,稚鱼,玻璃水面,重生护符,1,3
2021-02-10,一条小甜鱼,悲伤的人偶,守护者之角,1,5
2021-02-10,一条小甜鱼,悲伤的人偶,守护者之角,1,5
2021-02-10,一条小甜鱼,悲伤的人偶,守护者之角,1,5
2021-02-10,一条小甜鱼,悲伤的人偶,守护者之角,1,5
2021-02-10,妹妹的大鲨鱼,weiwenhuaming,背包,1,1
2021-02-10,稚鱼,weiwenhuaming,黄金鹤嘴锄,1,2
2021-02-10,少年约克,weiwenhuaming,重生护符,1,3
2021-02-10,江月,weiwenhuaming,蜘蛛丝,40,7
2021-02-10,海彬先生,weiwenhuaming,重生护符,1,5
2021-02-10,我喝温开水,weiwenhuaming,重生护符,1,4
2021-02-10,waiyousans1,weiwenhuaming,石头,40,5
2021-02-10,莫言,weiwenhuaming,重生护符,1,3
2021-02-10,莫言,weiwenhuaming,重生护符,1,3
2021-02-10,危尔逊,waiyousans1,玻璃尖刺,1,1
2021-02-10,危尔逊,waiyousans1,玻璃尖刺,1,1
2021-02-10,危尔逊,waiyousans1,玻璃尖刺,1,1
2021-02-10,危尔逊,waiyousans1,玻璃尖刺,1,1
2021-02-10,危尔逊,waiyousans1,玻璃尖刺,1,1
2021-02-10,危尔逊,waiyousans1,玻璃尖刺,1,1
2021-02-10,危尔逊,waiyousans1,玻璃尖刺,1,1
2021-02-10,危尔逊,waiyousans1,玻璃尖刺,1,1
2021-02-10,危尔逊,waiyousans1,玻璃尖刺,1,1
2021-02-10,危尔逊,waiyousans1,玻璃尖刺,1,1
2021-02-10,莫言,毛里求斯影帝,重生护符,1,3
2021-02-10,危尔逊,waiyousans1,玻璃尖刺,1,1
2021-02-10,危尔逊,waiyousans1,玻璃尖刺,1,1
2021-02-10,危尔逊,waiyousans1,玻璃尖刺,1,1
2021-02-10,危尔逊,waiyousans1,玻璃尖刺,1,1
2021-02-10,危尔逊,waiyousans1,玻璃尖刺,1,1
2021-02-10,危尔逊,waiyousans1,玻璃尖刺,1,1
2021-02-10,危尔逊,waiyousans1,玻璃尖刺,1,1
2021-02-10,危尔逊,waiyousans1,玻璃尖刺,1,1
2021-02-10,危尔逊,waiyousans1,玻璃尖刺,1,1
2021-02-10,莫言,毛里求斯影帝,重生护符,1,3
2021-02-10,覆水难收,毛里求斯影帝,采下的草,28,1
2021-02-10,悲伤的人偶,毛里求斯影帝,采下的草,40,3
2021-02-10,橘右京,weiwenhuaming,蓝色月眼,1,0
2021-02-10,104,weiwenhuaming,齿轮,4,0
2021-02-10,玻璃水面,时光,炖肉汤,1,1
2021-02-10,覆水难收,这是我的赎罪.,蜂蜜,40,2
2021-02-10,凯特大魔王,小小白,可靠的胶布,40,10
2021-02-10,凯特大魔王,小小白,可靠的胶布,40,10
2021-02-10,凯特大魔王,小小白,可靠的胶布,40,10
2021-02-10,凯特大魔王,小小白,可靠的胶布,40,10
2021-02-10,莫言,solon,重生护符,1,3
2021-02-10,我玩游戏超强哒,solon,暖石,1,2
2021-02-10,号少年,YZB.墨然,齿轮,40,10
2021-02-10,小五,YZB.墨然,伏特羊角,5,10
2021-02-10,waiyousans1,心醇气和,发光浆果,1,0
2021-02-10,1273267322,waiyousans1,{item}草图,1,3
2021-02-10,玻璃水面,稚鱼,炖肉汤,1,1
2021-02-10,小小白,稚鱼,重生护符,1,3
2021-02-10,稚鱼,莫言,锤子,1,1
2021-02-10,稚鱼,莫言,锤子,1,1
2021-02-10,一杯安慕希,莫言,锤子,1,1
2021-02-10,守望屁股,这是我的赎罪.,魂甲,1,2
2021-02-10,膨胀,这是我的赎罪.,锤子,1,2
2021-02-10,稚鱼,这是我的赎罪.,拆解魔杖,1,12
2021-02-10,危尔逊,みゆ,发芽的石果,2,1
2021-02-10,危尔逊,みゆ,发芽的石果,1,1
2021-02-10,臻于至善,危尔逊,骨头盔甲,1,14
2021-02-10,千层套路,这是我的赎罪.,炖肉汤,1,1
2021-02-10,莫言,D·W,重生护符,1,3
2021-02-10,稚鱼,这是我的赎罪.,拆解魔杖,1,12
2021-02-10,稚鱼,这是我的赎罪.,拆解魔杖,1,13
2021-02-10,危尔逊,三十6,闪亮鞍具,1,0
2021-02-10,心醇气和,这是我的赎罪.,波兰水饺,3,1
2021-02-10,心醇气和,莫言,波兰水饺,3,1
2021-02-10,这是我的赎罪.,莫言,树枝,40,3
2021-02-10,稚鱼,这是我的赎罪.,齿轮,34,0
2021-02-10,莫言,千层套路,重生护符,1,3
2021-02-10,小小白,千层套路,重生护符,1,3
2021-02-10,玻璃水面,Supercalifragilisticexpiadocions,炖肉汤,1,1
2021-02-10,心醇气和,小可愛丶,波兰水饺,3,1
2021-02-10,玻璃水面,Supercalifragilisticexpiadocions,炖肉汤,1,1
2021-02-10,莫言,Supercalifragilisticexpiadocions,果冻沙拉,2,1
2021-02-10,覆水难收,Supercalifragilisticexpiadocions,火龙果派,2,3
2021-02-10,流萤蚀,Kiss My Ass^,重生护符,1,3
2021-02-10,可爱的小兔耳,千层套路,荧光果,5,1
2021-02-10,YZB.墨然,宇,重生护符,1,3
2021-02-10,心醇气和,君,波兰水饺,3,1
2021-02-10,be be J,流萤蚀,齿轮,40,10
2021-02-10,膨胀,这是我的赎罪.,锤子,1,2
2021-02-10,Nothing,这是我的赎罪.,炖肉汤,1,1
2021-02-10,Nothing,这是我的赎罪.,炖肉汤,1,1
2021-02-10,玻璃水面,Supercalifragilisticexpiadocions,炖肉汤,1,1
2021-02-10,玻璃水面,Supercalifragilisticexpiadocions,炖肉汤,1,1
2021-02-10,江月,2651680868,黄金鹤嘴锄,1,2
2021-02-10,稚鱼,2651680868,黄金铲子,1,2
2021-02-10,一杯安慕希,2651680868,锤子,1,2
2021-02-10,玻璃水面,流萤蚀,炖肉汤,1,1
2021-02-10,小小白,君,重生护符,1,3
2021-02-10,心醇气和,莫言,波兰水饺,3,1
2021-02-10,waiyousans1,公子世无双,火腿棒,1,0
2021-02-10,Nothing,千层套路,炖肉汤,1,1
2021-02-10,Nothing,千层套路,炖肉汤,1,1
2021-02-10,>°)))>彡,千层套路,培根煎蛋,2,1
2021-02-10,>°)))>彡,千层套路,培根煎蛋,2,1
2021-02-10,1561628094,这是我的赎罪.,炖肉汤,5,2
2021-02-10,但一切处无心,这是我的赎罪.,肉丸,20,8
2021-02-10,少年约克,YZB.墨然,荧光果,10,2
2021-02-10,Nothing,宠于温柔,炖肉汤,1,1
2021-02-10,Nothing,YZB.墨然,炖肉汤,1,1
2021-02-10,Captain_SOAP,YZB.墨然,传送魔杖,1,4
2021-02-10,心醇气和,YZB.墨然,波兰水饺,3,1
2021-02-10,waiyousans1,这是我的赎罪.,铥矿皇冠,1,12
2021-02-10,Nothing,千层套路,炖肉汤,1,1
2021-02-10,Kiss My Ass^,危尔逊,盐晶,30,12
2021-02-10,流萤蚀,YZB.墨然,炖肉汤,1,1
2021-02-10,Nothing,Supercalifragilisticexpiadocions,炖肉汤,1,1
2021-02-10,>°)))>彡,Supercalifragilisticexpiadocions,蜜汁火腿,1,1
2021-02-10,莫言,Supercalifragilisticexpiadocions,果冻沙拉,2,1
2021-02-10,LRJ丶独行,Cinta,尖形种子,40,2
2021-02-10,守望屁股,Cinta,成熟石果,20,2
2021-02-10,守望屁股,Giansoarcir,暗夜剑,1,2
2021-02-10,守望屁股,Giansoarcir,暗夜剑,1,2
2021-02-10,守望屁股,Giansoarcir,暗夜剑,1,2
2021-02-10,守望屁股,Giansoarcir,暗夜剑,1,2
2021-02-10,守望屁股,Giansoarcir,暗夜剑,1,2
2021-02-10,YZB.墨然,Giansoarcir,暗夜剑,1,2
2021-02-10,莫言,Giansoarcir,暗夜剑,1,2
2021-02-10,流萤蚀,YZB.墨然,炖肉汤,1,1
2021-02-10,流萤蚀,YZB.墨然,炖肉汤,1,1
2021-02-10,莫言,一条小甜鱼,重生护符,1,3
2021-02-10,流萤蚀,臻于至善,炖肉汤,1,1
2021-02-10,流萤蚀,千层套路,炖肉汤,1,1
2021-02-10,膨胀,莫言,锤子,1,2
2021-02-10,橘右京,莫失莫忘,暖石,1,3
2021-02-10,心醇气和,臻于至善,波兰水饺,3,1
2021-02-10,莫言,千层套路,火腿棒,1,2
2021-02-10,小丑Carnage,宠于温柔,活木头,3,2
2021-02-10,小小白,Pijjy,重生护符,1,3
2021-02-10,心醇气和,Cinta,波兰水饺,3,1
2021-02-10,心醇气和,Cinta,波兰水饺,3,1
2021-02-10,莫言,Cinta,荧光果,6,1
2021-02-10,凯特大魔王,这是我的赎罪.,蜂王冠,1,5
2021-02-10,小可愛丶,这是我的赎罪.,蜂王冠,1,0
2021-02-10,凯特大魔王,这是我的赎罪.,蜂王冠,1,5
2021-02-10,这是我的赎罪.,帕克,蜂王冠,1,0
2021-02-10,风暴中的小白兔,tm5ljid,多汁浆果,20,2
2021-02-10,weiwenhuaming,千层套路,红宝石,1,1
2021-02-10,Magic.小柚子,凯特大魔王,发光浆果慕斯,1,1
2021-02-10,莫言,臻于至善,怪物鞑靼,1,0
2021-02-10,莫言,臻于至善,怪物鞑靼,1,0
2021-02-10,Magic.小柚子,帕克,辣彩虹糖豆,1,1
2021-02-10,心醇气和,千层套路,波兰水饺,3,1
2021-02-10,小小白,tm5ljid,重生护符,1,3
2021-02-10,小小白,Cinta,重生护符,1,3
2021-02-10,小小白,时光,重生护符,1,3
2021-02-10,帕克,流萤蚀,炖肉汤,1,1
2021-02-10,莫言,2651680868,蛙腿,9,1
2021-02-10,小小白,Cinta,重生护符,1,3
2021-02-10,小小白,Cinta,重生护符,1,3
2021-02-10,小小白,tm5ljid,重生护符,1,3
2021-02-10,小小白,Cinta,重生护符,1,3
2021-02-10,小小白,tm5ljid,重生护符,1,3
2021-02-10,小小白,tm5ljid,重生护符,1,3
2021-02-10,waiyousans1,2651680868,金块,18,5
2021-02-10,五技大师,2651680868,蛙腿,2,1
2021-02-10,帕克,流萤蚀,炖肉汤,1,1
2021-02-10,小五,waiyousans1,辣龙椒沙拉,1,1
2021-02-10,几米,2651680868,桦栗果,5,1
2021-02-10,小小白,啊咧咧,重生护符,1,3
2021-02-10,许君不见来者,2651680868,冬帽,1,1
2021-02-10,拾伍.,啊咧咧,蓝图,1,2
2021-02-10,小小白,啊咧咧,重生护符,1,3
2021-02-10,小小白,Kiss My Ass^,重生护符,1,3
2021-02-10,莫言,waiyousans1,果冻沙拉,2,1
2021-02-10,帕克,LeaunaK,炖肉汤,1,1
2021-02-10,帕克,LeaunaK,炖肉汤,1,1
2021-02-10,心醇气和,三十6,波兰水饺,3,1
2021-02-10,时光,危尔逊,食人花种子,1,15
2021-02-10,小小白,时光,重生护符,1,3
2021-02-10,妹妹的大鲨鱼,2651680868,背包,1,1
2021-02-10,帕克,2651680868,肉丸,2,1
2021-02-10,小小白,LeaunaK,重生护符,1,3
2021-02-10,莫言,LeaunaK,荧光果,5,1
2021-02-10,小小白,LeaunaK,重生护符,1,3
2021-02-10,悲伤的人偶,三十6,采下的草,10,1
2021-02-10,春和景明,这个荡漾不太冷,蜘蛛丝,1,1
2021-02-10,江月,这个荡漾不太冷,蜘蛛丝,40,7
2021-02-10,>°)))>彡,流萤蚀,炖肉汤,1,1
2021-02-10,waiyousans1,这个荡漾不太冷,采下的草,40,5
2021-02-10,>°)))>彡,2651680868,炖肉汤,1,1
2021-02-10,>°)))>彡,2651680868,炖肉汤,1,1
2021-02-10,>°)))>彡,2651680868,炖肉汤,1,1
2021-02-10,>°)))>彡,2651680868,炖肉汤,1,1
2021-02-10,>°)))>彡,2651680868,炖肉汤,1,1
2021-02-10,5421,臻于至善,重生护符,1,0
2021-02-10,Giansoarcir,Pijjy,重生护符,1,3
2021-02-10,莫言,waiyousans1,果冻沙拉,2,1
2021-02-10,超级大蓝莓,AWAWA,独眼巨鹿眼球,1,16
2021-02-10,Giansoarcir,时光,重生护符,1,3
2021-02-10,>°)))>彡,千层套路,炖肉汤,1,1
2021-02-10,小五,千层套路,发光浆果慕斯,1,1
2021-02-10,小五,2651680868,战斗头盔,1,1
2021-02-10,王阿浪,2651680868,火腿棒,1,3
2021-02-10,守望屁股,2651680868,魂甲,1,2
2021-02-10,5421,Gin,海象牙,1,0
2021-02-10,5421,Gin,海象牙,1,0
2021-02-10,5421,Gin,独眼巨鹿眼球,1,0
2021-02-10,Lengi,Gin,熊皮,1,0
2021-02-10,>°)))>彡,千层套路,炖肉汤,1,1
2021-02-10,臻于至善,妍妍,重生护符,1,3
2021-02-10,Magic.小柚子,千层套路,发光浆果慕斯,1,1
2021-02-10,>°)))>彡,这是我的赎罪.,炖肉汤,1,1
2021-02-10,>°)))>彡,这是我的赎罪.,炖肉汤,1,1
2021-02-10,>°)))>彡,这是我的赎罪.,炖肉汤,1,1
2021-02-10,>°)))>彡,这是我的赎罪.,炖肉汤,1,1
2021-02-10,>°)))>彡,这是我的赎罪.,炖肉汤,1,1
2021-02-10,>°)))>彡,这是我的赎罪.,炖肉汤,1,1
2021-02-10,>°)))>彡,这是我的赎罪.,炖肉汤,1,1
2021-02-10,>°)))>彡,这是我的赎罪.,炖肉汤,1,1
2021-02-10,>°)))>彡,这是我的赎罪.,炖肉汤,1,1
2021-02-10,少年约克,Cinta,荧光果,5,1
2021-02-10,臻于至善,卡哇伊,战争鞍具,1,15
2021-02-10,臻于至善,Cinta,重生护符,1,3
2021-02-10,臻于至善,小丑Carnage,重生护符,1,3
2021-02-10,小五,小丑Carnage,战斗头盔,1,1
2021-02-10,臻于至善,小丑Carnage,天气风向标,1,14
2021-02-10,小小白,小丑Carnage,重生护符,1,3
2021-02-10,春和景明,Satily_諷刺地,牛毛,3,1
2021-02-10,臻于至善,Satily_諷刺地,闪亮鞍具,1,17
2021-02-10,但一切处无心,这是我的赎罪.,肉丸,14,5
2021-02-10,玻璃水面,小丑Carnage,树枝,1,50
2021-02-10,心醇气和,闲人,波兰水饺,3,1
2021-02-10,时光,Nothing,炖肉汤,1,1
2021-02-10,守望屁股,Cinta,成熟石果,20,2
2021-02-10,流萤蚀,但一切处无心,月岩雕像,1,2
2021-02-10,一条小甜鱼,みゆ,远古石刻,10,0
2021-02-10,许君不见来者,Cinta,重生护符,1,3
2021-02-10,流萤蚀,深海鱼,象鼻,1,1
2021-02-10,一条小甜鱼,Giansoarcir,远古石刻,10,0
2021-02-10,糖糖,臻于至善,燧石,40,1
2021-02-10,cnctemar,臻于至善,幸运野兽礼服款式,1,5
2021-02-10,cnctemar,臻于至善,节日盛装款式,1,5
2021-02-10,cnctemar,臻于至善,花朵礼服款式,1,3
2021-02-10,三十6,橘右京,治疗药膏,5,1
2021-02-10,Magic.小柚子,超级大蓝莓,辣彩虹糖豆,1,1
2021-02-10,Magic.小柚子,超级大蓝莓,辣彩虹糖豆,1,1
2021-02-10,Magic.小柚子,超级大蓝莓,辣彩虹糖豆,1,1
2021-02-10,Magic.小柚子,超级大蓝莓,辣彩虹糖豆,1,1
2021-02-10,聚财老佛,超级大蓝莓,蜗壳护甲,1,10
2021-02-10,危尔逊,超级大蓝莓,食人花种子,1,18
2021-02-10,臻于至善,超级大蓝莓,食人花种子,1,21
2021-02-10,臻于至善,超级大蓝莓,排箫,1,87
2021-02-10,许君不见来者,橘右京,重生护符,1,3
2021-02-10,烛天,但一切处无心,暗影心房,1,7
2021-02-10,许君不见来者,橘右京,重生护符,1,3
2021-02-10,许君不见来者,橘右京,重生护符,1,3
2021-02-10,三十6,橘右京,治疗药膏,5,1
2021-02-10,流萤蚀,但一切处无心,月岩雕像,1,2
2021-02-10,许君不见来者,Cinta,重生护符,1,3
2021-02-10,Magic.小柚子,橘右京,发光浆果慕斯,1,1
2021-02-10,Magic.小柚子,橘右京,发光浆果慕斯,1,1
2021-02-10,>°)))>彡,橘右京,炖肉汤,1,1
2021-02-10,许君不见来者,Cinta,重生护符,1,3
2021-02-10,>°)))>彡,Supercalifragilisticexpiadocions,炖肉汤,1,1
2021-02-10,流萤蚀,橘右京,炖肉汤,1,1
2021-02-10,流萤蚀,橘右京,炖肉汤,1,1
2021-02-10,流萤蚀,橘右京,告密的心,1,1
2021-02-10,流萤蚀,小可愛丶,炖肉汤,1,1
2021-02-10,流萤蚀,小可愛丶,炖肉汤,1,1
2021-02-10,但一切处无心,橘右京,花衬衫,1,1
2021-02-10,拾伍.,橘右京,告密的心,1,2
2021-02-10,许君不见来者,橘右京,重生护符,1,3
2021-02-10,许君不见来者,这是我的赎罪.,重生护符,1,3
2021-02-10,帕克,橘右京,传送魔杖,1,6
2021-02-10,心醇气和,少年约克,波兰水饺,3,1
2021-02-10,心醇气和,Lengmocong,波兰水饺,3,1
2021-02-10,少年约克,Lengmocong,炖肉汤,1,1
2021-02-10,小五,臻于至善,芦笋冷汤,1,1
2021-02-10,心醇气和,千层套路,波兰水饺,3,1
2021-02-10,臻于至善,Alvin,坎普斯背包,1,50
2021-02-10,一杯安慕希,这个荡漾不太冷,海象牙,1,5
2021-02-10,辣椒小皇纸,臻于至善,路牌,1,0
2021-02-10,辣椒小皇纸,臻于至善,路牌,1,0
2021-02-10,小丑Carnage,2651680868,怪物肉,2,2
2021-02-10,辣椒小皇纸,但一切处无心,锤子,1,0
2021-02-10,辣椒小皇纸,但一切处无心,铲子,1,0
2021-02-10,Magic.小柚子,少年约克,发光浆果慕斯,1,1
2021-02-10,心醇气和,少年约克,波兰水饺,3,1
2021-02-10,拾伍.,这个荡漾不太冷,矿工帽,1,4
2021-02-10,臻于至善,一杯安慕希,采下的草,40,0
2021-02-10,臻于至善,一杯安慕希,采下的草,40,0
2021-02-10,LRJ丶独行,这个荡漾不太冷,毛茸茸的种子,40,2
2021-02-10,Magic.小柚子,少年约克,发光浆果慕斯,1,1
2021-02-10,7cake,臻于至善,锤子,1,1
2021-02-10,心醇气和,少年约克,波兰水饺,3,1
2021-02-10,许君不见来者,凯特大魔王,重生护符,1,3
2021-02-10,许君不见来者,凯特大魔王,重生护符,1,3
2021-02-10,心醇气和,这是我的赎罪.,波兰水饺,3,1
2021-02-10,许君不见来者,凯特大魔王,重生护符,1,3
2021-02-10,流萤蚀,千层套路,炖肉汤,1,1
2021-02-10,危尔逊,Pijjy,玻璃尖刺,1,1
2021-02-10,YUI,2651680868,火腿棒,1,3
2021-02-10,Magic.小柚子,少年约克,发光浆果慕斯,1,1
2021-02-10,104,JANINE,地图,1,0
2021-02-10,104,拖拉夫斯基,地图,1,0
2021-02-10,Magic.小柚子,妍妍,发光浆果慕斯,1,1
2021-02-10,我喝温开水,Kiss My Ass^,必忘我,40,5
2021-02-10,Kiss My Ass^,危尔逊,中音贝壳钟,1,1
2021-02-10,Kiss My Ass^,危尔逊,高音贝壳钟,1,1
2021-02-10,Kiss My Ass^,危尔逊,高音贝壳钟,1,1
2021-02-10,许君不见来者,凯特大魔王,重生护符,1,3
2021-02-10,许君不见来者,千层套路,重生护符,1,3
2021-02-10,烛天,Pijjy,藤壶握寿司,2,0
2021-02-10,烛天,但一切处无心,藤壶握寿司,2,0
2021-02-10,烛天,守望屁股,藤壶握寿司,2,0
2021-02-10,烛天,守望屁股,藤壶握寿司,2,0
2021-02-10,烛天,守望屁股,藤壶握寿司,2,0
2021-02-10,烛天,守望屁股,藤壶握寿司,2,0
2021-02-10,烛天,守望屁股,藤壶握寿司,2,0
2021-02-10,烛天,但一切处无心,藤壶握寿司,2,0
2021-02-10,小小白,LRJ丶独行,可靠的胶布,40,15
2021-02-10,守望屁股,JANINE,藤壶握寿司,2,0
2021-02-10,守望屁股,这是我的赎罪.,藤壶握寿司,2,0
2021-02-10,守望屁股,时光,藤壶握寿司,2,0
2021-02-10,守望屁股,这是我的赎罪.,藤壶握寿司,2,0
2021-02-10,我喝柠檬水,数字小姐,骨头汤,2,4
2021-02-10,Pijjy,数字小姐,舒缓茶,1,1
2021-02-10,烛天,Pijjy,舒缓茶,2,0
2021-02-10,烛天,臻于至善,舒缓茶,2,0
2021-02-10,烛天,臻于至善,舒缓茶,2,0
2021-02-10,烛天,时光,舒缓茶,2,0
2021-02-10,烛天,千层套路,舒缓茶,2,0
2021-02-10,烛天,危尔逊,舒缓茶,2,0
2021-02-10,烛天,危尔逊,舒缓茶,2,0
2021-02-10,烛天,危尔逊,舒缓茶,2,0
2021-02-10,烛天,危尔逊,舒缓茶,2,0
2021-02-10,烛天,危尔逊,舒缓茶,2,0
2021-02-10,心醇气和,数字小姐,波兰水饺,3,1
2021-02-10,千层套路,危尔逊,龙虾,1,1
2021-02-10,千层套路,危尔逊,龙虾,1,1
2021-02-10,千层套路,危尔逊,龙虾,1,1
2021-02-10,千层套路,烛天,龙虾,1,1
2021-02-10,糖糖,危尔逊,肉丸,1,0
2021-02-10,莫言,Pijjy,炖肉汤,1,1
2021-02-10,莫言,数字小姐,炖肉汤,1,1
2021-02-10,我喝温开水,数字小姐,舒缓茶,2,3
2021-02-10,みゆ,烛天,炖肉汤,2,2
2021-02-10,Magic.小柚子,烛天,发光浆果慕斯,1,1
2021-02-10,但一切处无心,回音,树枝,1,20
2021-02-10,Magic.小柚子,数字小姐,发光浆果慕斯,1,1
2021-02-10,Magic.小柚子,数字小姐,发光浆果慕斯,1,1
2021-02-10,Magic.小柚子,数字小姐,发光浆果慕斯,1,1
2021-02-10,莫言,愚者,暗夜剑,1,3
2021-02-10,但一切处无心,数字小姐,懒人魔杖,1,10
2021-02-10,一杯安慕希,愚者,海象牙,1,5
2021-02-10,守望屁股,愚者,魂甲,1,2
2021-02-10,小五,愚者,战斗头盔,1,1
2021-02-10,许君不见来者,数字小姐,重生护符,1,3
2021-02-10,>°)))>彡,愚者,太妃糖,2,1
2021-02-10,Kiss My Ass^,数字小姐,暗夜剑,1,2
2021-02-10,臻于至善,数字小姐,魂甲,1,2
2021-02-10,Kiss My Ass^,数字小姐,暗夜剑,1,2
2021-02-10,许君不见来者,数字小姐,重生护符,1,3
2021-02-10,许君不见来者,数字小姐,重生护符,1,3
2021-02-10,许君不见来者,数字小姐,重生护符,1,3
2021-02-10,许君不见来者,数字小姐,重生护符,1,3
2021-02-10,我玩游戏超强哒,>°)))>彡,壳碎片,2,1
2021-02-10,Magic.小柚子,数字小姐,发光浆果慕斯,1,1
2021-02-10,>°)))>彡,三十6,采摘的蓝蘑菇,40,2
2021-02-10,Magic.小柚子,烛天,发光浆果慕斯,1,1
2021-02-10,>°)))>彡,烛天,炖肉汤,1,1
2021-02-10,我喝温开水,数字小姐,舒缓茶,2,3
2021-02-10,>°)))>彡,数字小姐,炖肉汤,1,1
2021-02-10,>°)))>彡,守望屁股,发光浆果,4,1
2021-02-10,Magic.小柚子,烛天,发光浆果慕斯,1,1
2021-02-10,>°)))>彡,数字小姐,炖肉汤,1,1
2021-02-10,千层套路,莫失莫忘,懒人魔杖,1,0
2021-02-10,莫言,烛天,肉丸,2,1
2021-02-10,妍妍的忠实迷弟,数字小姐,培根煎蛋,5,1
2021-02-10,聚财老佛,小七,{item}草图,1,9
2021-02-10,许君不见来者,数字小姐,重生护符,1,3
2021-02-10,许君不见来者,数字小姐,重生护符,1,3
2021-02-10,我喝温开水,数字小姐,舒缓茶,2,3
2021-02-10,>°)))>彡,数字小姐,肉丸,2,1
2021-02-10,>°)))>彡,时光,炖肉汤,1,1
2021-02-10,莫言,memory,重生护符,1,3
2021-02-10,流萤蚀,memory,重生护符,1,3
2021-02-10,小五,时光,辣龙椒沙拉,1,1
2021-02-10,深海鱼,memory,重生护符,1,3
2021-02-10,莫言,memory,重生护符,1,3
2021-02-10,莫言,memory,重生护符,1,3
2021-02-10,一条小甜鱼,臻于至善,金块,1,60
2021-02-10,莫言,memory,重生护符,1,3
2021-02-10,莫言,数字小姐,重生护符,1,3
2021-02-10,莫言,memory,重生护符,1,3
2021-02-10,一条小甜鱼,臻于至善,失衡陀螺,2,0
2021-02-10,一条小甜鱼,臻于至善,漏水的茶杯,3,0
2021-02-10,一条小甜鱼,糖糖,地精爷爷,3,0
2021-02-10,一条小甜鱼,臻于至善,地精奶奶,1,0
2021-02-10,一条小甜鱼,臻于至善,玩具木马,1,0
2021-02-10,Magic.小柚子,少年约克,发光浆果慕斯,1,1
2021-02-10,一条小甜鱼,糖糖,干瘪的触手,2,0
2021-02-10,一条小甜鱼,糖糖,二手假牙,1,0
2021-02-10,心醇气和,少年约克,波兰水饺,3,1
2021-02-10,危尔逊,悲伤的人偶,发芽的石果,1,1
2021-02-10,一条小甜鱼,时光,鞋拔子,2,0
2021-02-10,一条小甜鱼,糖糖,迷你火箭,2,0
2021-02-10,一条小甜鱼,糖糖,杯子和球,2,0
2021-02-10,一条小甜鱼,糖糖,破搅拌器,2,0
2021-02-10,一条小甜鱼,糖糖,弯曲的叉子,2,0
2021-02-10,一条小甜鱼,糖糖,臭气制造器,2,0
2021-02-10,一条小甜鱼,糖糖,磨损的纱线,1,0
2021-02-10,一条小甜鱼,糖糖,土豆杯,1,0
2021-02-10,一条小甜鱼,臻于至善,机器人玩偶,2,0
2021-02-10,一条小甜鱼,糖糖,钢丝衣架,2,0
2021-02-10,臻于至善,糖糖,玩具木马,1,0
2021-02-10,一条小甜鱼,糖糖,假卡祖笛,2,0
2021-02-10,一条小甜鱼,糖糖,痒痒挠,1,0
2021-02-10,烛天,糖糖,玩具木马,1,0
2021-02-10,德令哈,be be J,暖石,1,3
2021-02-10,莫言,memory,重生护符,1,3
2021-02-10,凯特大魔王,memory,重生护符,1,3
2021-02-10,心醇气和,少年约克,波兰水饺,3,1
2021-02-10,臻于至善,江月,食人花种子,1,21
2021-02-10,江月,suimo,礼物包装,20,4
2021-02-10,Magic.小柚子,一条小甜鱼,发光浆果慕斯,1,1
2021-02-11,>°)))>彡,小可愛丶,肉丸,2,1
2021-02-11,>°)))>彡,小可愛丶,炸鱼排,1,1
2021-02-11,>°)))>彡,莫言,炖肉汤,1,1
2021-02-11,糖糖,这是我的赎罪.,沙之石,1,0
2021-02-11,糖糖,这是我的赎罪.,石砖,5,0
2021-02-11,糖糖,这是我的赎罪.,橘色月眼,1,0
2021-02-11,危尔逊,LRJ丶独行,发芽的石果,2,2
2021-02-11,危尔逊,LRJ丶独行,石果灌木丛,1,1
2021-02-11,YZB.墨然,LRJ丶独行,电子元件,2,2
2021-02-11,心醇气和,莫言,波兰水饺,3,1
2021-02-11,Kiss My Ass^,莫言,暗夜剑,1,2
2021-02-11,>°)))>彡,莫言,炖肉汤,1,1
2021-02-11,>°)))>彡,莫言,炖肉汤,1,1
2021-02-11,少年约克,莫言,荧光果,5,1
2021-02-11,>°)))>彡,小可愛丶,太妃糖,2,1
2021-02-11,>°)))>彡,LeaunaK,炖肉汤,1,1
2021-02-11,凯特大魔王,悲伤的人偶,重生护符,1,3
2021-02-11,>°)))>彡,LeaunaK,炖肉汤,1,1
2021-02-11,凯特大魔王,悲伤的人偶,重生护符,1,3
2021-02-11,凯特大魔王,一条小甜鱼,重生护符,1,3
2021-02-11,凯特大魔王,小可愛丶,重生护符,1,3
2021-02-11,莫言,LeaunaK,荧光果,5,1
2021-02-11,数字小姐,LeaunaK,炖肉汤,1,1
2021-02-11,王阿浪,LeaunaK,火腿棒,1,3
2021-02-11,糖糖,悲伤的人偶,化石碎片,2,0
2021-02-11,莫言,LeaunaK,重生护符,1,3
2021-02-11,D·W,一只牂牂qwq,地图,1,5
2021-02-11,绝情的奥利奥,悲伤的人偶,恶魔花瓣,8,10
2021-02-11,烛天,一只牂牂qwq,暗影心房,1,7
2021-02-11,膨胀,一只牂牂qwq,锤子,1,2
2021-02-11,江月,一只牂牂qwq,辣伏特羊肉冻,1,3
2021-02-11,Magic.小柚子,一只牂牂qwq,发光浆果慕斯,1,1
2021-02-11,江月,一只牂牂qwq,辣伏特羊肉冻,1,3
2021-02-11,凯特大魔王,みゆ,重生护符,1,3
2021-02-11,凯特大魔王,みゆ,重生护符,1,3
2021-02-11,凯特大魔王,みゆ,重生护符,1,3
2021-02-11,王阿浪,Lengmocong,火腿棒,1,3
2021-02-11,江月,Lengmocong,黄金鹤嘴锄,1,2
2021-02-11,5421,みゆ,独眼巨鹿眼球,1,0
2021-02-11,数字小姐,みゆ,麋鹿鹅羽毛,10,0
2021-02-11,数字小姐,みゆ,紫宝石,40,0
2021-02-11,数字小姐,みゆ,带刺的种子,10,0
2021-02-11,橘右京,みゆ,岩浆虫卵,1,0
2021-02-11,数字小姐,みゆ,红宝石,5,0
2021-02-11,深海鱼,みゆ,烤土豆,10,0
2021-02-11,>°)))>彡,凯特大魔王,肉丸,2,1
2021-02-11,莫言,西瓜,战斗头盔,1,1
2021-02-11,小五,waiyousans1,辣龙椒沙拉,1,1
2021-02-11,weiwenhuaming,FlameWielder,肉丸,10,5
2021-02-11,D·W,FlameWielder,地图,1,5
2021-02-11,悲伤的人偶,湖理渣渣辉,采下的草,40,1
2021-02-11,少年约克,FlameWielder,荧光果,5,1
2021-02-11,臻于至善,solon,重生护符,1,3
2021-02-11,凯特大魔王,湖理渣渣辉,重生护符,1,3
2021-02-11,危尔逊,waiyousans1,玻璃尖刺,1,1
2021-02-11,危尔逊,waiyousans1,玻璃尖刺,1,1
2021-02-11,小五,妍妍,辣龙椒沙拉,1,1
2021-02-11,凯特大魔王,湖理渣渣辉,重生护符,1,3
2021-02-11,悲伤的人偶,Pijjy,树枝,40,1
2021-02-11,少年约克,妍妍,荧光果,5,1
2021-02-11,臻于至善,Pijjy,蓝图,1,19
2021-02-11,少年约克,凯特大魔王,荧光果,5,1
2021-02-11,凯特大魔王,みゆ,重生护符,1,3
2021-02-11,凯特大魔王,湖理渣渣辉,重生护符,1,3
2021-02-11,少年约克,凯特大魔王,荧光果,5,1
2021-02-11,江月,臻于至善,蜘蛛丝,40,5
2021-02-11,江月,臻于至善,蜘蛛丝,40,5
2021-02-11,糖糖,臻于至善,燧石,40,1
2021-02-11,糖糖,臻于至善,燧石,40,1
2021-02-11,Pijjy,臻于至善,炖肉汤,2,0
2021-02-11,这是我的赎罪.,FlameWielder,触手皮,1,10
2021-02-11,少年约克,凯特大魔王,荧光果,5,1
2021-02-11,这是我的赎罪.,FlameWielder,触手皮,1,190
2021-02-11,小五,守望屁股,辣龙椒沙拉,1,1
2021-02-11,凯特大魔王,守望屁股,重生护符,1,3
2021-02-11,三十6,时间,橄榄球头盔,1,1
2021-02-11,这是我的赎罪.,FlameWielder,触手皮,26,50
2021-02-11,凯特大魔王,啊咧咧,重生护符,1,3
2021-02-11,悲伤的人偶,时间,采下的草,40,2
2021-02-11,凯特大魔王,啊咧咧,重生护符,1,3
2021-02-11,悲伤的人偶,时间,石头,40,2
2021-02-11,三十6,啊咧咧,橄榄球头盔,1,1
2021-02-11,凯特大魔王,啊咧咧,重生护符,1,3
2021-02-11,>°)))>彡,时间,肉丸,2,1
2021-02-11,Pijjy,waiyousans1,裸露鼻孔,2,1
2021-02-11,糖糖,waiyousans1,燧石,40,1
2021-02-11,江月,小七,排箫,1,55
2021-02-11,少年约克,深海鱼,荧光果,5,1
2021-02-11,>°)))>彡,臻于至善,兔绒,24,1
2021-02-11,YZB.墨然,>°)))>彡,蘑菇皮,2,22
2021-02-11,>°)))>彡,时间,胡萝卜,15,1
2021-02-11,少年约克,凯特大魔王,荧光果,5,1
2021-02-11,超级大蓝莓,时光,蜘蛛丝,40,6
2021-02-11,>°)))>彡,凯特大魔王,肉丸,2,1
2021-02-11,Kiss My Ass^,危尔逊,鳞片,10,5
2021-02-11,Kiss My Ass^,危尔逊,鳞片,10,5
2021-02-11,凯特大魔王,be be J,重生护符,1,3
2021-02-11,凯特大魔王,be be J,重生护符,1,3
2021-02-11,少年约克,凯特大魔王,荧光果,5,1
2021-02-11,臻于至善,凯特大魔王,果冻沙拉,5,3
2021-02-11,凯特大魔王,三十6,重生护符,1,3
2021-02-11,膨胀,三十6,黄金鹤嘴锄,1,2
2021-02-11,悲伤的人偶,妍妍,树枝,40,1
2021-02-11,妍妍的忠实迷弟,凯特大魔王,荧光果,19,1
2021-02-11,江月,我喝温开水,莎草纸,40,10
2021-02-11,许君不见来者,suimo,眼球伞,1,15
2021-02-11,守望屁股,我喝温开水,魂甲,1,2
2021-02-11,守望屁股,我喝温开水,魂甲,1,2
2021-02-11,守望屁股,我喝温开水,魂甲,1,2
2021-02-11,守望屁股,我喝温开水,魂甲,1,2
2021-02-11,守望屁股,我喝温开水,魂甲,1,2
2021-02-11,守望屁股,我喝温开水,魂甲,1,2
2021-02-11,守望屁股,我喝温开水,魂甲,1,2
2021-02-11,臻于至善,我喝温开水,魂甲,1,2
2021-02-11,膨胀,三十6,黄金鹤嘴锄,1,2
2021-02-11,江月,凯特大魔王,礼物包装,20,4
2021-02-11,膨胀,凯特大魔王,黄金鹤嘴锄,1,2
2021-02-11,少年约克,时间,重生护符,1,3
2021-02-11,面瘫君,时间,触手尖刺,1,3
2021-02-11,>°)))>彡,妍妍,炖肉汤,1,1
2021-02-11,啊咧咧,时光,烤土豆,5,0
2021-02-11,啊咧咧,みゆ,烤土豆,5,0
2021-02-11,啊咧咧,みゆ,烤土豆,5,0
2021-02-11,啊咧咧,みゆ,烤土豆,5,0
2021-02-11,啊咧咧,みゆ,烤土豆,5,0
2021-02-11,啊咧咧,みゆ,烤土豆,5,0
2021-02-11,少年约克,三十6,重生护符,1,3
2021-02-11,三十6,我喝温开水,蜂蜜,40,3
2021-02-11,三十6,我喝温开水,蜂蜜,40,3
2021-02-11,三十6,我喝温开水,蜂蜜,40,3
2021-02-11,三十6,我喝温开水,蜂蜜,40,3
2021-02-11,三十6,我喝温开水,蜂蜜,40,3
2021-02-11,三十6,我喝温开水,蜂蜜,40,3
2021-02-11,凯特大魔王,啊咧咧,重生护符,1,3
2021-02-11,三十6,啊咧咧,橄榄球头盔,1,1
2021-02-11,凯特大魔王,啊咧咧,重生护符,1,3
2021-02-11,凯特大魔王,啊咧咧,重生护符,1,3
2021-02-11,凯特大魔王,啊咧咧,重生护符,1,3
2021-02-11,Pijjy,千层套路,龙虾汤,2,0
2021-02-11,臻于至善,这是我的赎罪.,紫宝石,40,19
2021-02-11,我玩游戏超强哒,这是我的赎罪.,紫宝石,40,20
2021-02-11,PKSH ↓→↓→H,这是我的赎罪.,紫宝石,40,20
2021-02-11,PKSH ↓→↓→H,这是我的赎罪.,紫宝石,40,20
2021-02-11,一杯安慕希,这是我的赎罪.,紫宝石,40,20
2021-02-11,凯特大魔王,这是我的赎罪.,紫宝石,40,20
2021-02-11,>°)))>彡,三十6,肉丸,3,1
2021-02-11,臻于至善,这是我的赎罪.,格罗姆的黏液,20,6
2021-02-11,臻于至善,这是我的赎罪.,格罗姆的黏液,20,6
2021-02-11,臻于至善,这是我的赎罪.,格罗姆的黏液,20,6
2021-02-11,三十6,啊咧咧,治疗药膏,10,2
2021-02-11,时间,臻于至善,冰,37,3
2021-02-11,酱O菌~,臻于至善,步行手杖,1,2
2021-02-11,莫言,许君不见来者,重生护符,1,3
2021-02-11,莫言,许君不见来者,重生护符,1,3
2021-02-11,烛天,时光,炖肉汤,1,1
2021-02-11,Kiss My Ass^,危尔逊,暗影心房,1,3
2021-02-11,少年约克,三十6,重生护符,1,3
2021-02-11,莫言,许君不见来者,重生护符,1,3
2021-02-11,臻于至善,Pijjy,芦笋冷汤,1,4
2021-02-11,凯特大魔王,这是我的赎罪.,重生护符,1,3
2021-02-11,凯特大魔王,这是我的赎罪.,重生护符,1,3
2021-02-11,waiyousans1,酱O菌~,火腿棒,1,2
2021-02-11,数字小姐,时光,炖肉汤,1,1
2021-02-11,拾伍.,啊咧咧,空瓶子,1,5
2021-02-11,waiyousans1,啊咧咧,唤月者魔杖,1,5
2021-02-11,超级大蓝莓,啊咧咧,蜘蛛丝,40,6
2021-02-11,流萤蚀,这是我的赎罪.,龙虾汤,1,1
2021-02-11,时光,啊咧咧,针线包,1,3
2021-02-11,时光,啊咧咧,针线包,1,3
2021-02-11,时光,啊咧咧,针线包,1,3
2021-02-11,臻于至善,啊咧咧,可靠的胶布,5,4
2021-02-11,莫言,waiyousans1,荧光果,5,1
2021-02-11,数字小姐,酱O菌~,炖肉汤,1,1
2021-02-11,数字小姐,Kiss My Ass^,炖肉汤,1,1
2021-02-11,数字小姐,这是我的赎罪.,炖肉汤,1,1
2021-02-11,酱O菌~,臻于至善,重生护符,1,2
2021-02-11,江月,一只牂牂qwq,辣伏特羊肉冻,1,3
2021-02-11,Magic.小柚子,一只牂牂qwq,发光浆果慕斯,1,1
2021-02-11,江月,臻于至善,重生护符,1,3
2021-02-11,江月,臻于至善,重生护符,1,3
2021-02-11,悲伤的人偶,三十6,树枝,40,1
2021-02-11,Kiss My Ass^,深海鱼,牛角,1,40
2021-02-11,深海鱼,Kiss My Ass^,天气风向标,1,0
2021-02-11,江月,一只牂牂qwq,辣伏特羊肉冻,1,3
2021-02-11,>°)))>彡,小可愛丶,肉丸,2,1
2021-02-11,Magic.小柚子,一只牂牂qwq,发光浆果慕斯,1,1
2021-02-11,我喝温开水,我喝柠檬水,坎普斯背包,1,100
2021-02-11,少年约克,waiyousans1,荧光果,5,1
2021-02-11,小五,waiyousans1,发光浆果慕斯,1,1
2021-02-11,Kate,waiyousans1,采摘的红蘑菇,10,2
2021-02-11,少年约克,waiyousans1,荧光果,5,1
2021-02-11,某杰,tm5ljid,荧光果,33,2
2021-02-11,面瘫君,tm5ljid,触手尖刺,1,3
2021-02-11,面瘫君,tm5ljid,触手尖刺,1,3
2021-02-11,但一切处无心,ye,步行手杖,1,10
2021-02-11,一只牂牂qwq,这个荡漾不太冷,炖肉汤,1,1
2021-02-11,这是我的赎罪.,tm5ljid,蜂王冠,1,8
2021-02-11,悲伤的人偶,tm5ljid,采下的草,40,2
2021-02-11,许君不见来者,这个荡漾不太冷,重生护符,1,3
2021-02-11,守望屁股,みゆ,石果灌木丛,5,2
2021-02-11,数字小姐,这个荡漾不太冷,炖肉汤,1,1
2021-02-11,数字小姐,阿里巴橙,炖肉汤,1,1
2021-02-11,臻于至善,危尔逊,骨头盔甲,1,14
2021-02-11,小五,这个荡漾不太冷,发光浆果慕斯,1,1
2021-02-11,莫言,阿里巴橙,荧光果,5,1
2021-02-11,我玩游戏超强哒,这个荡漾不太冷,治疗药膏,20,5
2021-02-11,Kiss My Ass^,臻于至善,噩梦燃料,40,9
2021-02-11,数字小姐,凯特大魔王,炖肉汤,1,1
2021-02-11,江月,这是我的赎罪.,重生护符,1,3
2021-02-11,江月,这是我的赎罪.,重生护符,1,3
2021-02-11,数字小姐,阿里巴橙,炖肉汤,1,1
2021-02-11,流萤蚀,FlameWielder,龙虾汤,1,1
2021-02-11,数字小姐,凯特大魔王,炖肉汤,1,1
2021-02-11,数字小姐,凯特大魔王,炖肉汤,1,1
2021-02-11,一只牂牂qwq,阿里巴橙,炖肉汤,1,1
2021-02-11,数字小姐,凯特大魔王,炖肉汤,1,1
2021-02-11,数字小姐,be be J,炖肉汤,1,1
2021-02-11,三十6,be be J,风干肉,20,2
2021-02-11,柿子,半存BCHS,风干肉,4,1
2021-02-11,Nothing,一条小甜鱼,食人花种子,1,0
2021-02-11,数字小姐,凯特大魔王,炖肉汤,1,1
2021-02-11,莫言,1342955923,火腿棒,1,2
2021-02-11,危尔逊,臻于至善,石果,40,1
2021-02-11,三十6,LRJ丶独行,大理石豌豆,40,10
2021-02-11,莫言,覆水难收,重生护符,1,3
2021-02-11,时间,但一切处无心,树枝,40,1
2021-02-11,时间,时光,树枝,40,1
2021-02-11,深海鱼,流萤蚀,懒人护符,1,8
2021-02-11,玻璃水面,橙汁酸.,炖肉汤,1,1
2021-02-11,1561628094,隔壁棉花糖,荧光果,2,0
2021-02-11,时光,隔壁棉花糖,腐烂食物,1,0
2021-02-11,1561628094,隔壁棉花糖,荧光果,1,0
2021-02-11,悲伤的人偶,时光,树枝,40,2
2021-02-11,莫言,流萤蚀,重生护符,1,3
2021-02-11,这是我的赎罪.,隔壁棉花糖,战斗头盔,1,0
2021-02-11,悲伤的人偶,但一切处无心,树枝,40,2
2021-02-11,玻璃水面,这是我的赎罪.,炖肉汤,1,1
2021-02-11,臻于至善,千层套路,火腿棒,1,2
2021-02-11,一条小甜鱼,臻于至善,金块,1,128
2021-02-11,一条小甜鱼,臻于至善,金块,1,174
2021-02-11,玻璃水面,阿猫,炖肉汤,1,1
2021-02-11,臻于至善,阿猫,蓝带鱼排,1,3
2021-02-11,拾伍.,LRJ丶独行,活木头,20,10
2021-02-11,数字小姐,这是我的赎罪.,炖肉汤,1,1
2021-02-11,LRJ丶独行,危尔逊,尖形种子,40,1
2021-02-11,三十6,Soar,风干肉,20,2
2021-02-11,三十6,Soar,风干肉,20,2
2021-02-11,玻璃水面,这是我的赎罪.,炖肉汤,1,1
2021-02-11,玻璃水面,帕克,炖肉汤,1,1
2021-02-11,许君不见来者,臻于至善,重生护符,1,3
2021-02-11,一杯安慕希,啊咧咧,战斗头盔,1,2
2021-02-11,我喝温开水,帕克,舒缓茶,2,3
2021-02-11,时间,三十6,树枝,40,2
2021-02-11,江月,啊咧咧,重生护符,1,3
2021-02-11,莫言,数字小姐,重生护符,1,3
2021-02-11,拾伍.,流萤蚀,蓝图,1,2
2021-02-11,流萤蚀,帕克,海鲜牛排,1,1
2021-02-11,莫言,梅川库子,重生护符,1,3
2021-02-11,莫言,数字小姐,重生护符,1,3
2021-02-11,莫言,帕克,重生护符,1,3
2021-02-11,玻璃水面,这是我的赎罪.,炖肉汤,1,1
2021-02-11,玻璃水面,危尔逊,地图,1,1
2021-02-11,酥酥,危尔逊,月岩雕像,1,2
2021-02-11,莫言,帕克,重生护符,1,3
2021-02-11,莫言,数字小姐,重生护符,1,3
2021-02-11,流萤蚀,数字小姐,月岩雕像,1,2
2021-02-11,YUI,这是我的赎罪.,生鲜萨尔萨酱,3,3
2021-02-11,我喝温开水,数字小姐,舒缓茶,2,3
2021-02-11,莫言,一条小甜鱼,重生护符,1,3
2021-02-11,玻璃水面,膨胀,炖肉汤,1,1
2021-02-11,小五,膨胀,发光浆果慕斯,1,1
2021-02-11,小五,膨胀,发光浆果慕斯,1,1
2021-02-11,小五,膨胀,发光浆果慕斯,1,1
2021-02-11,酥酥,危尔逊,辣伏特羊肉冻,1,4
2021-02-11,悲伤的人偶,流萤蚀,蓝图,1,4
2021-02-11,阿猫,千层套路,地图,1,1
2021-02-11,妍妍的忠实迷弟,阿猫,牛毛,37,3
2021-02-11,少年约克,阿猫,牛毛,8,3
2021-02-11,悲伤的人偶,阿猫,芦笋,12,2
2021-02-11,玻璃水面,这是我的赎罪.,炖肉汤,1,1
2021-02-11,帕克,梅川库子,重生护符,1,1
2021-02-11,帕克,危尔逊,地图,1,3
2021-02-11,waiyousans1,春和景明,瓶中信,1,4
2021-02-11,玻璃水面,心似苍井，空似月,地图,1,1
2021-02-11,臻于至善,心似苍井，空似月,火腿棒,1,1
2021-02-11,玻璃水面,千层套路,锚套装,1,0
2021-02-11,Nothing,危尔逊,辣伏特羊肉冻,1,4
2021-02-11,玻璃水面,千层套路,炖肉汤,1,1
2021-02-11,帕克,绝情的奥利奥,重生护符,1,1
2021-02-11,臻于至善,绝情的奥利奥,火腿棒,1,1
2021-02-11,阿猫,千层套路,木板,10,0
2021-02-11,阿猫,千层套路,绳子,10,0
2021-02-11,膨胀,千层套路,锚套装,1,0
2021-02-11,104,千层套路,锤子,1,1
2021-02-11,帕克,绝情的奥利奥,重生护符,1,1
2021-02-11,酱O菌~,绝情的奥利奥,牛角,1,1
2021-02-11,危尔逊,臻于至善,石果,40,1
2021-02-11,危尔逊,臻于至善,石果,40,1
2021-02-11,危尔逊,臻于至善,石果,40,1
2021-02-11,危尔逊,臻于至善,石果,40,1
2021-02-11,危尔逊,臻于至善,石果,40,1
2021-02-11,危尔逊,臻于至善,石果,40,1
2021-02-11,臻于至善,绝情的奥利奥,火腿棒,1,1
2021-02-11,酥酥,危尔逊,月岩雕像,1,2
2021-02-11,Kiss My Ass^,心似苍井，空似月,暗夜剑,1,2
2021-02-11,帕克,梅川库子,重生护符,1,1
2021-02-11,玻璃水面,小可愛丶,炖肉汤,1,1
2021-02-11,帕克,心似苍井，空似月,重生护符,1,1
2021-02-11,一杯安慕希,绝情的奥利奥,战斗头盔,1,2
2021-02-11,帕克,心似苍井，空似月,重生护符,1,1
2021-02-11,104,膨胀,锤子,1,1
2021-02-11,流萤蚀,帕克,舒缓茶,1,1
2021-02-11,我喝温开水,帕克,舒缓茶,2,3
2021-02-11,王阿浪,帕克,火腿棒,1,3
2021-02-11,Nothing,帕克,辣伏特羊肉冻,1,4
2021-02-11,悲伤的人偶,心似苍井，空似月,蜂蜜,40,6
2021-02-11,流萤蚀,心似苍井，空似月,触手尖刺,1,2
2021-02-11,但一切处无心,这是我的赎罪.,火龙果派,20,8
2021-02-11,但一切处无心,这是我的赎罪.,火龙果派,20,8
2021-02-11,但一切处无心,这是我的赎罪.,火龙果派,20,8
2021-02-11,但一切处无心,这是我的赎罪.,火龙果派,20,8
2021-02-11,帕克,膨胀,重生护符,1,1
2021-02-11,臻于至善,帕克,辣龙椒沙拉,1,4
2021-02-11,玻璃水面,绝情的奥利奥,火腿棒,1,2
2021-02-11,酱O菌~,数字小姐,黄金铲子,1,1
2021-02-11,一只牂牂qwq,帕克,蜜汁火腿,1,1
2021-02-11,莫言,阿里巴橙,重生护符,1,3
2021-02-11,玻璃水面,数字小姐,地图,1,1
2021-02-11,Captain_SOAP,帕克,香蕉冻,2,1
2021-02-11,Captain_SOAP,帕克,香蕉冻,2,1
2021-02-11,许君不见来者,青衿,重生护符,1,3
2021-02-11,莫言,流萤蚀,重生护符,1,3
2021-02-11,阿猫,数字小姐,地图,1,1
2021-02-11,深海鱼,臻于至善,可靠的胶布,5,0
2021-02-11,Giansoarcir,臻于至善,金锦鲤,1,0
2021-02-11,深海鱼,臻于至善,高级耕作先驱帽,1,0
2021-02-11,我喝温开水,数字小姐,芦笋冷汤,2,3
2021-02-11,玻璃水面,这是我的赎罪.,炖肉汤,1,1
2021-02-12,玻璃水面,数字小姐,炖肉汤,1,1
2021-02-12,臻于至善,帕克,波兰水饺,3,0
2021-02-12,臻于至善,这是我的赎罪.,波兰水饺,3,0
2021-02-12,臻于至善,数字小姐,波兰水饺,3,0
2021-02-12,臻于至善,这是我的赎罪.,波兰水饺,3,0
2021-02-12,臻于至善,这是我的赎罪.,波兰水饺,3,0
2021-02-12,臻于至善,这是我的赎罪.,波兰水饺,3,0
2021-02-12,臻于至善,anlisang,波兰水饺,3,0
2021-02-12,臻于至善,anlisang,波兰水饺,3,0
2021-02-12,臻于至善,数字小姐,波兰水饺,3,0
2021-02-12,臻于至善,这是我的赎罪.,波兰水饺,3,0
2021-02-12,臻于至善,这是我的赎罪.,波兰水饺,2,0
2021-02-12,臻于至善,这是我的赎罪.,波兰水饺,3,0
2021-02-12,臻于至善,这是我的赎罪.,波兰水饺,3,0
2021-02-12,anlisang,凯特大魔王,波兰水饺,3,0
2021-02-12,玻璃水面,阿里巴橙,炖肉汤,1,1
2021-02-12,这是我的赎罪.,阿里巴橙,波兰水饺,3,0
2021-02-12,这是我的赎罪.,阿里巴橙,波兰水饺,3,0
2021-02-12,这是我的赎罪.,阿里巴橙,波兰水饺,3,0
2021-02-12,这是我的赎罪.,阿里巴橙,波兰水饺,3,0
2021-02-12,这是我的赎罪.,阿里巴橙,波兰水饺,3,0
2021-02-12,这是我的赎罪.,阿里巴橙,波兰水饺,3,0
2021-02-12,这是我的赎罪.,阿里巴橙,波兰水饺,2,0
2021-02-12,王阿浪,凯特大魔王,火腿棒,1,3
2021-02-12,7cake,千层套路,黄金铲子,1,1
2021-02-12,一只牂牂qwq,数字小姐,荧光果,13,1
2021-02-12,流萤蚀,小可愛丶,钓具箱,1,2
2021-02-12,春和景明,小可愛丶,空瓶子,1,3
2021-02-12,流萤蚀,数字小姐,荧光果,10,1
2021-02-12,王阿浪,数字小姐,荧光果,10,2
2021-02-12,玻璃水面,数字小姐,炖肉汤,1,1
2021-02-12,凯特大魔王,小可愛丶,炖肉汤,1,1
2021-02-12,玻璃水面,Supercalifragilisticexpiadocions,炖肉汤,1,1
2021-02-12,一只牂牂qwq,小可愛丶,炖肉汤,1,1
2021-02-12,玻璃水面,Supercalifragilisticexpiadocions,炖肉汤,1,1
2021-02-12,be be J,凯特大魔王,眼睛炮塔,1,50
2021-02-12,玻璃水面,Supercalifragilisticexpiadocions,炖肉汤,1,1
2021-02-12,许君不见来者,Supercalifragilisticexpiadocions,重生护符,1,3
2021-02-12,许君不见来者,Supercalifragilisticexpiadocions,重生护符,1,3
2021-02-12,>°)))>彡,小可愛丶,炖肉汤,1,1
2021-02-12,臻于至善,凯特大魔王,食人花种子,1,21
2021-02-12,Pijjy,凯特大魔王,食人花种子,1,21
2021-02-12,玻璃水面,Supercalifragilisticexpiadocions,炖肉汤,1,1
2021-02-12,王阿浪,凯特大魔王,火腿棒,1,3
2021-02-12,王阿浪,玻璃水面,独眼巨鹿眼球,1,0
2021-02-12,王阿浪,玻璃水面,独眼巨鹿眼球,1,0
2021-02-12,王阿浪,玻璃水面,独眼巨鹿眼球,1,0
2021-02-12,みゆ,玻璃水面,蝴蝶,2,0
2021-02-12,AWAWA,梅川库子,发芽的石果,5,10
2021-02-12,悲伤的人偶,GAME_T_J,采下的草,40,2
2021-02-12,江月,凯特大魔王,礼物包装,20,4
2021-02-12,Kiss My Ass^,凯特大魔王,暗影心房,1,3
2021-02-12,阿猫,waiyousans1,地图,1,1
2021-02-12,玻璃水面,waiyousans1,地图,1,1
2021-02-12,三十6,みゆ,圣诞灯,1,20
2021-02-12,Kiss My Ass^,凯特大魔王,暗夜剑,1,2
2021-02-12,三十6,104,大理石豌豆,40,10
2021-02-12,毛里求斯影帝,waiyousans1,地图,1,10
2021-02-12,みゆ,hj7u4c,炖肉汤,1,1
2021-02-12,小鹏鹏,危尔逊,刺耳三叉戟,1,20
2021-02-12,waiyousans1,危尔逊,唤月者魔杖,1,12
2021-02-12,Kiss My Ass^,凯特大魔王,蜂王冠,1,7
2021-02-12,小五,稚鱼,发光浆果慕斯,1,1
2021-02-12,流萤蚀,凯特大魔王,触手尖刺,1,2
2021-02-12,YZB.墨然,waiyousans1,蜘蛛帽,1,1
2021-02-12,小小白,waiyousans1,坎普斯背包,1,50
2021-02-12,但一切处无心,waiyousans1,坎普斯背包,1,49
2021-02-12,流萤蚀,凯特大魔王,触手尖刺,1,2
2021-02-12,膨胀,凯特大魔王,锤子,1,2
2021-02-12,小五,稚鱼,发光浆果慕斯,1,1
2021-02-12,然然,waiyousans1,乌鸦,1,2
2021-02-12,稚鱼,LRJ丶独行,多汁浆果,1,30
2021-02-12,莫言,Lengmocong,荧光果,5,1
2021-02-12,稚鱼,臻于至善,圣诞灯,1,18
2021-02-12,稚鱼,臻于至善,圣诞灯,1,18
2021-02-12,稚鱼,臻于至善,圣诞灯,1,18
2021-02-12,稚鱼,臻于至善,圣诞灯,1,18
2021-02-12,稚鱼,臻于至善,圣诞灯,1,18
2021-02-12,稚鱼,臻于至善,圣诞灯,1,18
2021-02-12,稚鱼,臻于至善,圣诞灯,1,18
2021-02-12,玻璃水面,鱼不摸了,炖肉汤,1,1
2021-02-12,稚鱼,臻于至善,圣诞灯,1,18
2021-02-12,1273267322,鱼不摸了,蛙腿,1,1
2021-02-12,许君不见来者,LRJ丶独行,重生护符,1,3
2021-02-12,小五,凯特大魔王,发光浆果慕斯,1,1
2021-02-12,小五,凯特大魔王,发光浆果慕斯,1,1
2021-02-12,许君不见来者,LRJ丶独行,重生护符,1,3
2021-02-12,许君不见来者,LRJ丶独行,重生护符,1,3
2021-02-12,许君不见来者,LRJ丶独行,重生护符,1,3
2021-02-12,许君不见来者,LRJ丶独行,重生护符,1,3
2021-02-12,许君不见来者,LRJ丶独行,重生护符,1,3
2021-02-12,许君不见来者,LRJ丶独行,重生护符,1,3
2021-02-12,莫言,Jigsaw,荧光果,6,1
2021-02-12,王阿浪,稚鱼,火腿棒,1,3
2021-02-12,臻于至善,啊咧咧,火腿棒,1,1
2021-02-12,三十6,啊咧咧,可靠的胶布,10,1
2021-02-12,三十6,啊咧咧,可靠的胶布,10,1
2021-02-12,waiyousans1,啊咧咧,战斗头盔,1,5
2021-02-12,臻于至善,Pijjy,坎普斯背包,1,50
2021-02-12,小小白,Satily_諷刺地,地图,1,6
2021-02-12,千层套路,妍妍,荧光果,15,1
2021-02-12,妍妍,Pijjy,黄宝石,1,3
2021-02-12,玻璃水面,阿里巴橙,炖肉汤,1,1
2021-02-12,一只牂牂qwq,妍妍,炖肉汤,1,1
2021-02-12,>°)))>彡,深海鱼,炖肉汤,1,1
2021-02-12,时光,阿里巴橙,重生护符,1,3
2021-02-12,许君不见来者,千层套路,重生护符,1,3
2021-02-12,许君不见来者,妍妍,重生护符,1,3
2021-02-12,一只牂牂qwq,千层套路,炖肉汤,1,1
2021-02-12,Jason Ruin,waiyousans1,甜辣龙椒沙拉,2,5
2021-02-12,小五,稚鱼,辣伏特羊肉冻,1,2
2021-02-12,Jason Ruin,waiyousans1,甜辣龙椒沙拉,2,5
2021-02-12,一条小甜鱼,臻于至善,金块,1,114
2021-02-12,Lengmocong,稚鱼,蓝宝石,1,1
2021-02-12,Kiss My Ass^,啊咧咧,暗夜剑,1,2
2021-02-12,一条小甜鱼,玻璃水面,树枝,1,32
2021-02-12,小五,waiyousans1,发光浆果慕斯,1,1
2021-02-12,糖糖,阿里巴橙,燧石,31,1
2021-02-12,稚鱼,cnctemar,毛皮铺盖,1,0
2021-02-12,Pijjy,cnctemar,冬象鼻,1,1
2021-02-12,凯特大魔王,稚鱼,锤子,1,0
2021-02-12,一只牂牂qwq,阿里巴橙,炖肉汤,1,1
2021-02-12,一只牂牂qwq,阿里巴橙,炖肉汤,1,1
2021-02-12,>°)))>彡,waiyousans1,红宝石,1,1
2021-02-12,许君不见来者,啊咧咧,重生护符,1,3
2021-02-12,少年约克,Pijjy,重生护符,1,3
2021-02-12,waiyousans1,稚鱼,火腿棒,1,2
2021-02-12,一杯安慕希,稚鱼,战斗头盔,1,2
2021-02-12,臻于至善,稚鱼,魂甲,1,2
2021-02-12,一杯安慕希,稚鱼,战斗头盔,1,2
2021-02-12,臻于至善,稚鱼,魂甲,1,2
2021-02-12,waiyousans1,一杯安慕希,胡萝卜,7,0
2021-02-12,深海鱼,稚鱼,战斗头盔,1,3
2021-02-12,凯特大魔王,稚鱼,重生护符,1,3
2021-02-12,凯特大魔王,稚鱼,重生护符,1,3
2021-02-12,Pijjy,阿里巴橙,木栅栏,12,0
2021-02-12,王阿浪,稚鱼,火腿棒,1,3
2021-02-12,小五,稚鱼,辣伏特羊肉冻,1,2
2021-02-12,小五,稚鱼,辣伏特羊肉冻,1,2
2021-02-12,waiyousans1,一条小甜鱼,采下的草,40,5
2021-02-12,一只牂牂qwq,稚鱼,发光浆果慕斯,1,2
2021-02-12,D·W,cnctemar,地图,1,5
2021-02-12,许君不见来者,啊咧咧,重生护符,1,3
2021-02-12,三十6,慢慢雪,大理石豌豆,40,10
2021-02-12,臻于至善,稚鱼,发光浆果慕斯,1,4
2021-02-12,江月,稚鱼,发光浆果慕斯,2,5
2021-02-12,凯特大魔王,稚鱼,铥矿皇冠,1,0
2021-02-12,凯特大魔王,稚鱼,蜂王冠,1,0
2021-02-12,小五,稚鱼,辣伏特羊肉冻,1,2
2021-02-12,一只牂牂qwq,稚鱼,炖肉汤,1,1
2021-02-12,cnctemar,危尔逊,红灯笼,1,1
2021-02-12,一只牂牂qwq,深海鱼,炖肉汤,1,1
2021-02-12,稚鱼,凯特大魔王,玻璃刀,1,0
2021-02-12,稚鱼,凯特大魔王,暗夜剑,1,0
2021-02-12,三十6,稚鱼,发光浆果慕斯,3,5
2021-02-12,>°)))>彡,稚鱼,炖肉汤,1,1
2021-02-12,小五,稚鱼,辣伏特羊肉冻,1,2
2021-02-12,凯特大魔王,稚鱼,重生护符,1,3
2021-02-12,一只牂牂qwq,数字小姐,炖肉汤,1,1
2021-02-12,我喝温开水,数字小姐,重生护符,1,3
2021-02-12,许君不见来者,数字小姐,重生护符,1,3
2021-02-12,心醇气和,稚鱼,波兰水饺,3,1
2021-02-12,许君不见来者,数字小姐,重生护符,1,3
2021-02-12,聚财老佛,Title613,蜘蛛帽,1,1
2021-02-12,我喝温开水,稚鱼,舒缓茶,2,3
2021-02-12,我喝温开水,数字小姐,重生护符,1,3
2021-02-12,我喝温开水,数字小姐,重生护符,1,3
2021-02-12,凯特大魔王,稚鱼,重生护符,1,3
2021-02-12,>°)))>彡,数字小姐,炖肉汤,1,1
2021-02-12,我喝温开水,数字小姐,重生护符,1,3
2021-02-12,酥酥,数字小姐,月岩雕像,1,2
2021-02-12,酥酥,数字小姐,月岩雕像,1,2
2021-02-12,waiyousans1,2542376234,风干肉,8,4
2021-02-12,一杯安慕希,waiyousans1,锤子,1,2
2021-02-12,膨胀,数字小姐,黄金鹤嘴锄,1,2
2021-02-12,超级大蓝莓,稚鱼,红宝石,2,3
2021-02-12,时光,橘右京,重生护符,1,3
2021-02-12,时光,数字小姐,重生护符,1,3
2021-02-12,时光,数字小姐,重生护符,1,3
2021-02-12,时光,橘右京,重生护符,1,3
2021-02-12,危尔逊,数字小姐,石头,40,3
2021-02-12,危尔逊,数字小姐,石头,40,3
2021-02-12,超级大蓝莓,数字小姐,蜘蛛丝,40,6
2021-02-12,>°)))>彡,千层套路,炖肉汤,1,1
2021-02-12,酱O菌~,数字小姐,斧头,1,1
2021-02-12,>°)))>彡,数字小姐,炖肉汤,1,1
2021-02-12,时光,数字小姐,重生护符,1,3
2021-02-12,Pijjy,千层套路,木栅栏,18,1
2021-02-12,>°)))>彡,数字小姐,炖肉汤,1,1
2021-02-12,我喝温开水,数字小姐,舒缓茶,2,3
2021-02-12,膨胀,凯特大魔王,锤子,1,2
2021-02-12,千层套路,数字小姐,荧光果,15,1
2021-02-12,>°)))>彡,数字小姐,炖肉汤,1,1
2021-02-12,>°)))>彡,数字小姐,炖肉汤,1,1
2021-02-12,>°)))>彡,数字小姐,炖肉汤,1,1
2021-02-12,凯特大魔王,稚鱼,眼球伞,1,0
2021-02-12,稚鱼,凯特大魔王,多用斧镐,1,0
2021-02-12,稚鱼,凯特大魔王,锤子,1,0
2021-02-12,稚鱼,凯特大魔王,多用斧镐,1,0
2021-02-12,臻于至善,waiyousans1,坎普斯背包,1,50
2021-02-12,稚鱼,凯特大魔王,铥矿碎片,40,0
2021-02-12,稚鱼,凯特大魔王,铥矿碎片,40,0
2021-02-12,稚鱼,凯特大魔王,铥矿碎片,31,0
2021-02-12,稚鱼,凯特大魔王,噩梦燃料,40,0
2021-02-12,稚鱼,凯特大魔王,橙宝石,21,0
2021-02-12,稚鱼,凯特大魔王,步行手杖,1,0
2021-02-12,稚鱼,凯特大魔王,步行手杖,1,0
2021-02-12,稚鱼,凯特大魔王,步行手杖,1,0
2021-02-12,但一切处无心,waiyousans1,火龙果派,20,8
2021-02-12,但一切处无心,waiyousans1,火龙果派,20,8
2021-02-12,但一切处无心,waiyousans1,火龙果派,20,8
2021-02-12,但一切处无心,危尔逊,采下的草,1,8
2021-02-12,危尔逊,回音,树枝,3,30
2021-02-12,稚鱼,凯特大魔王,懒人护符,1,0
2021-02-12,但一切处无心,危尔逊,采下的草,1,40
2021-02-12,>°)))>彡,waiyousans1,炖肉汤,1,1
2021-02-12,稚鱼,凯特大魔王,礼物包装,10,0
2021-02-12,但一切处无心,念鸣,坎普斯背包,1,70
2021-02-12,梅川库子,危尔逊,怪物肉,2,1
2021-02-12,臻于至善,念鸣,闪亮鞍具,1,17
2021-02-12,酱O菌~,2542376234,鼹鼠,1,3
2021-02-12,1273267322,2542376234,怪物肉,6,5
2021-02-12,危尔逊,但一切处无心,火龙果派,40,8
2021-02-12,时光,凯特大魔王,麋鹿鹅羽毛,5,5
2021-02-12,膨胀,凯特大魔王,黄金鹤嘴锄,1,2
2021-02-12,膨胀,稚鱼,黄金鹤嘴锄,1,2
2021-02-12,>°)))>彡,稚鱼,炖肉汤,1,1
2021-02-12,时光,稚鱼,重生护符,1,3
2021-02-12,臻于至善,稚鱼,发光浆果慕斯,1,4
2021-02-12,一条小甜鱼,危尔逊,蓝图,1,0
2021-02-12,一条小甜鱼,臻于至善,蓝图,1,0
2021-02-12,我喝温开水,稚鱼,舒缓茶,2,3
2021-02-12,三十6,稚鱼,发光浆果慕斯,3,5
2021-02-12,心醇气和,稚鱼,波兰水饺,3,1
2021-02-12,时光,稚鱼,重生护符,1,3
2021-02-12,三十6,稚鱼,发光浆果慕斯,3,5
2021-02-12,深海鱼,waiyousans1,玻璃尖刺,1,1
2021-02-12,拾伍.,waiyousans1,活木头,20,10
2021-02-12,江月,稚鱼,重生护符,1,3
2021-02-12,糖糖,闲人,眼球伞,1,400
2021-02-12,我喝温开水,稚鱼,舒缓茶,2,3
2021-02-12,帕克,Cinta,重生护符,1,3
2021-02-12,帕克,绝情的奥利奥,重生护符,1,3
2021-02-12,心醇气和,稚鱼,波兰水饺,3,1
2021-02-12,凯特大魔王,稚鱼,重生护符,1,3
2021-02-12,waiyousans1,稚鱼,彩虹糖豆,2,2
2021-02-12,みゆ,稚鱼,炖肉汤,1,1
2021-02-12,三十6,绝情的奥利奥,堆肥,20,2
2021-02-12,三十6,绝情的奥利奥,堆肥,20,2
2021-02-12,三十6,绝情的奥利奥,堆肥,20,2
2021-02-12,酱O菌~,绝情的奥利奥,牛角,1,2
2021-02-12,waiyousans1,Cinta,浆果,16,4
2021-02-12,臻于至善,Cinta,重生护符,1,3
2021-02-12,莫言,这是我的赎罪.,培根煎蛋,2,1
2021-02-12,莫言,这是我的赎罪.,培根煎蛋,2,1
2021-02-12,臻于至善,绝情的奥利奥,火腿棒,1,1
2021-02-12,帕克,绝情的奥利奥,重生护符,1,3
2021-02-12,帕克,D·W,重生护符,1,3
2021-02-12,帕克,D·W,重生护符,1,3
2021-02-12,帕克,D·W,重生护符,1,3
2021-02-12,三十6,悲伤的人偶,金块,20,2
2021-02-12,三十6,悲伤的人偶,金块,20,2
2021-02-12,三十6,悲伤的人偶,金块,20,2
2021-02-12,三十6,悲伤的人偶,金块,20,2
2021-02-12,帕克,绝情的奥利奥,重生护符,1,3
2021-02-13,王阿浪,绝情的奥利奥,火腿棒,1,3
2021-02-13,数字小姐,绝情的奥利奥,炖肉汤,1,1
2021-02-13,流萤蚀,绝情的奥利奥,炖肉汤,1,1
2021-02-13,数字小姐,绝情的奥利奥,炖肉汤,1,1
2021-02-13,>°)))>彡,稚鱼,炖肉汤,1,1
2021-02-13,我喝温开水,稚鱼,舒缓茶,2,3
2021-02-13,臻于至善,我喝温开水,魂甲,1,2
2021-02-13,小五,我喝温开水,辣伏特羊肉冻,1,2
2021-02-13,小五,我喝温开水,辣伏特羊肉冻,1,2
2021-02-13,小五,我喝温开水,辣伏特羊肉冻,1,2
2021-02-13,小五,我喝温开水,辣伏特羊肉冻,1,2
2021-02-13,小五,我喝温开水,辣伏特羊肉冻,1,2
2021-02-13,小五,我喝温开水,辣伏特羊肉冻,1,2
2021-02-13,小五,我喝温开水,辣伏特羊肉冻,1,2
2021-02-13,酥酥,稚鱼,锤子,1,3
2021-02-13,小五,我喝温开水,伏特羊角,10,13
2021-02-13,凯特大魔王,稚鱼,炖肉汤,1,1
2021-02-13,凯特大魔王,稚鱼,炖肉汤,1,1
2021-02-13,臻于至善,绝情的奥利奥,火腿棒,1,2
2021-02-13,凯特大魔王,稚鱼,重生护符,1,3
2021-02-13,号少年,我喝温开水,齿轮,40,0
2021-02-13,号少年,我喝温开水,唤星者魔杖,1,0
2021-02-13,LRJ丶独行,我喝温开水,暗夜剑,1,0
2021-02-13,莫格莱尼,我喝温开水,蜘蛛帽,1,0
2021-02-13,莫格莱尼,我喝温开水,蜘蛛帽,1,0
2021-02-13,waiyousans1,我喝温开水,战斗头盔,1,4
2021-02-13,小五,我喝温开水,辣伏特羊肉冻,1,2
2021-02-13,凯特大魔王,Floating island,骨头盔甲,1,250
2021-02-13,流萤蚀,我喝温开水,伏特羊角,10,15
2021-02-13,流萤蚀,我喝温开水,伏特羊角,10,15
2021-02-13,流萤蚀,我喝温开水,伏特羊角,10,15
2021-02-13,小五,我喝温开水,辣伏特羊肉冻,1,2
2021-02-13,小五,我喝温开水,辣伏特羊肉冻,1,2
2021-02-13,小五,我喝温开水,辣伏特羊肉冻,1,2
2021-02-13,阿猫,みゆ,炖肉汤,1,0
2021-02-13,阿猫,みゆ,发光浆果慕斯,2,0
2021-02-13,阿猫,みゆ,暗夜剑,1,0
2021-02-13,みゆ,我喝温开水,炖肉汤,1,1
2021-02-13,Nothing,我喝温开水,辣伏特羊肉冻,1,4
2021-02-13,工大一枝花,这是我的赎罪.,鹿角,1,3
2021-02-13,酥酥,这是我的赎罪.,月岩雕像,1,2
2021-02-13,莫言,小小白,荧光果,5,1
2021-02-13,数字小姐,我喝温开水,炖肉汤,1,1
2021-02-13,Pijjy,小小白,食人花种子,2,40
2021-02-13,臻于至善,小小白,食人花种子,1,21
2021-02-13,阿彻不会,一只牂牂qwq,鹿角,1,5
2021-02-13,这是我的赎罪.,小五,蜂王浆,1,1
2021-02-13,帕克,一只牂牂qwq,重生护符,1,3
2021-02-13,江月,臻于至善,排箫,1,60
2021-02-13,>°)))>彡,waiyousans1,炖肉汤,1,1
2021-02-13,江月,Satily_諷刺地,步行手杖,1,8
2021-02-13,>°)))>彡,Satily_諷刺地,炖肉汤,1,1
2021-02-13,>°)))>彡,Satily_諷刺地,炖肉汤,1,1
2021-02-13,王阿浪,Satily_諷刺地,荧光果,10,2
2021-02-13,FlameWielder,Satily_諷刺地,暖石,1,1
2021-02-13,一条小甜鱼,みゆ,海象牙,1,0
2021-02-13,酥酥,Satily_諷刺地,月岩雕像,1,2
2021-02-13,三十6,危尔逊,铥矿,10,2
2021-02-13,>°)))>彡,waiyousans1,炖肉汤,1,1
2021-02-13,三十6,守望屁股,食人花种子,1,0
2021-02-13,>°)))>彡,妍妍,炖肉汤,1,1
2021-02-13,少年约克,守望屁股,发光浆果,2,1
2021-02-13,>°)))>彡,守望屁股,发光浆果,1,1
2021-02-13,酱O菌~,守望屁股,小发光浆果,3,1
2021-02-13,FlameWielder,守望屁股,发光浆果,2,2
2021-02-13,酱O菌~,守望屁股,小发光浆果,5,2
2021-02-13,少年约克,守望屁股,小发光浆果,4,1
2021-02-13,妍妍的忠实迷弟,Pijjy,蜂巢,3,3
2021-02-13,waiyousans1,Satily_諷刺地,拆解魔杖,1,12
2021-02-13,膨胀,Satily_諷刺地,黄金鹤嘴锄,1,2
2021-02-13,膨胀,Satily_諷刺地,黄金鹤嘴锄,1,2
2021-02-13,我喝温开水,守望屁股,必忘我,40,5
2021-02-13,我喝温开水,守望屁股,必忘我,40,5
2021-02-13,我喝温开水,守望屁股,必忘我,40,5
2021-02-13,臻于至善,小小白,食人花种子,1,21
2021-02-13,>°)))>彡,waiyousans1,炖肉汤,1,1
2021-02-13,三十6,Satily_諷刺地,蜂蜜,40,3
2021-02-13,小五,守望屁股,发光浆果慕斯,1,1
2021-02-13,时间,守望屁股,肉丸,2,2
2021-02-13,莫言,三十6,战斗长矛,1,1
2021-02-13,臻于至善,三十6,火腿棒,1,1
2021-02-13,帕克,三十6,重生护符,1,3
2021-02-13,王阿浪,三十6,火腿棒,1,3
2021-02-13,小五,Pijjy,辣伏特羊肉冻,1,2
2021-02-13,我喝柠檬水,Satily_諷刺地,荧光果,10,2
2021-02-13,一杯安慕希,Satily_諷刺地,黄金鹤嘴锄,1,2
2021-02-13,一杯安慕希,Satily_諷刺地,黄金鹤嘴锄,1,2
2021-02-13,小五,三十6,发光浆果慕斯,1,1
2021-02-13,小五,三十6,发光浆果慕斯,1,1
2021-02-13,小五,三十6,发光浆果慕斯,1,1
2021-02-13,>°)))>彡,小小白,炖肉汤,1,1
2021-02-13,一杯安慕希,Satily_諷刺地,黄金鹤嘴锄,1,2
2021-02-13,一杯安慕希,Satily_諷刺地,黄金鹤嘴锄,1,2
2021-02-13,Kiss My Ass^,Satily_諷刺地,拆解魔杖,1,13
2021-02-13,妍妍,危尔逊,wobster_moonglass_land,1,2
2021-02-13,妍妍,危尔逊,wobster_moonglass_land,1,2
2021-02-13,妍妍,Pijjy,wobster_moonglass_land,1,2
2021-02-13,帕克,危尔逊,重生护符,1,3
2021-02-13,莫言,小小白,荧光果,5,1
2021-02-13,莫言,妍妍,荧光果,6,1
2021-02-13,莫言,wangyuian628,鸟腿,2,0
2021-02-13,莫言,wangyuian628,肉,2,0
2021-02-13,臻于至善,小小白,辣龙椒沙拉,1,4
2021-02-13,>°)))>彡,小小白,炖肉汤,1,1
2021-02-13,凯特大魔王,妍妍,炖肉汤,1,1
2021-02-13,臻于至善,啊咧咧,火腿棒,1,1
2021-02-13,千层套路,妍妍,暗影心房,1,0
2021-02-13,凯特大魔王,数字小姐,炖肉汤,1,1
2021-02-13,臻于至善,Kiss My Ass^,牛角,1,56
2021-02-13,帕克,数字小姐,重生护符,1,3
2021-02-13,这是我的赎罪.,Kiss My Ass^,蜂王冠,1,5
2021-02-13,一杯安慕希,Kiss My Ass^,月岩雕像,1,2
2021-02-13,一杯安慕希,Kiss My Ass^,月岩雕像,1,2
2021-02-13,酥酥,Kiss My Ass^,月岩雕像,1,2
2021-02-13,我玩游戏超强哒,Kiss My Ass^,齿轮,40,10
2021-02-13,三十6,Kiss My Ass^,铥矿,20,15
2021-02-13,一条小甜鱼,D·W,金块,20,0
2021-02-13,帕克,数字小姐,重生护符,1,3
2021-02-13,帕克,一条小甜鱼,重生护符,1,3
2021-02-13,莫言,覆水难收,荧光果,5,1
2021-02-13,凯特大魔王,小小白,炖肉汤,1,1
2021-02-13,一条小甜鱼,小小白,金块,20,0
2021-02-13,帕克,みゆ,重生护符,1,3
2021-02-13,我喝温开水,数字小姐,舒缓茶,2,3
2021-02-13,凯特大魔王,数字小姐,炖肉汤,1,1
2021-02-13,深海鱼,みゆ,重生护符,1,3
2021-02-13,凯特大魔王,千层套路,炖肉汤,1,1
2021-02-13,waiyousans1,千层套路,树枝,40,12
2021-02-13,妍妍,千层套路,冰魔杖,1,0
2021-02-13,妍妍,千层套路,树枝,25,0
2021-02-13,流萤蚀,覆水难收,炖肉汤,1,1
2021-02-13,但一切处无心,覆水难收,铥矿棒,1,4
2021-02-13,LRJ丶独行,覆水难收,治疗药膏,5,5
2021-02-13,鱼不摸了,一条小甜鱼,空浇水壶,1,2
2021-02-13,waiyousans1,千层套路,懒人魔杖,1,20
2021-02-13,帕克,啊咧咧,重生护符,1,3
2021-02-13,数字小姐,千层套路,炖肉汤,1,1
2021-02-13,我喝温开水,小小白,芦笋冷汤,2,3
2021-02-13,小五,覆水难收,辣伏特羊肉冻,1,2
2021-02-13,みゆ,千层套路,炖肉汤,1,1
2021-02-13,三十6,臻于至善,可靠的胶布,20,5
2021-02-13,妍妍,明前,wobster_moonglass_land,1,2
2021-02-13,深海鱼,一只牂牂qwq,重生护符,1,3
2021-02-13,凯特大魔王,小小白,重生护符,1,3
2021-02-13,みゆ,红中,炖肉汤,1,1
2021-02-13,我喝温开水,稚鱼,芦笋冷汤,2,3
2021-02-13,臻于至善,PKSH ↓→↓→H,大理石,40,11
2021-02-13,一只牂牂qwq,数字小姐,懒人魔杖,1,7
2021-02-13,数字小姐,PKSH ↓→↓→H,炖肉汤,1,1
2021-02-13,みゆ,妍妍,炖肉汤,1,1
2021-02-13,PKSH ↓→↓→H,危尔逊,帐篷卷,1,1
2021-02-13,PKSH ↓→↓→H,危尔逊,帐篷卷,1,1
2021-02-13,PKSH ↓→↓→H,三十6,帐篷卷,1,1
2021-02-13,PKSH ↓→↓→H,玻璃水面,帐篷卷,1,1
2021-02-13,PKSH ↓→↓→H,玻璃水面,帐篷卷,1,1
2021-02-13,PKSH ↓→↓→H,玻璃水面,帐篷卷,1,1
2021-02-13,PKSH ↓→↓→H,玻璃水面,帐篷卷,1,1
2021-02-13,PKSH ↓→↓→H,玻璃水面,帐篷卷,1,1
2021-02-13,PKSH ↓→↓→H,玻璃水面,帐篷卷,1,1
2021-02-13,PKSH ↓→↓→H,玻璃水面,帐篷卷,1,1
2021-02-13,PKSH ↓→↓→H,玻璃水面,帐篷卷,1,1
2021-02-13,PKSH ↓→↓→H,玻璃水面,帐篷卷,1,1
2021-02-13,PKSH ↓→↓→H,玻璃水面,帐篷卷,1,1
2021-02-13,PKSH ↓→↓→H,玻璃水面,帐篷卷,1,1
2021-02-13,PKSH ↓→↓→H,玻璃水面,帐篷卷,1,1
2021-02-13,みゆ,数字小姐,炖肉汤,1,1
2021-02-13,PKSH ↓→↓→H,玻璃水面,帐篷卷,1,1
2021-02-13,PKSH ↓→↓→H,玻璃水面,帐篷卷,1,1
2021-02-13,PKSH ↓→↓→H,玻璃水面,帐篷卷,1,1
2021-02-13,PKSH ↓→↓→H,玻璃水面,帐篷卷,1,1
2021-02-13,PKSH ↓→↓→H,玻璃水面,帐篷卷,1,1
2021-02-13,PKSH ↓→↓→H,玻璃水面,帐篷卷,1,1
2021-02-13,PKSH ↓→↓→H,玻璃水面,帐篷卷,1,1
2021-02-13,PKSH ↓→↓→H,玻璃水面,帐篷卷,1,1
2021-02-13,PKSH ↓→↓→H,玻璃水面,帐篷卷,1,1
2021-02-13,PKSH ↓→↓→H,臻于至善,帐篷卷,1,1
2021-02-13,PKSH ↓→↓→H,臻于至善,帐篷卷,1,1
2021-02-13,PKSH ↓→↓→H,臻于至善,帐篷卷,1,1
2021-02-13,PKSH ↓→↓→H,臻于至善,帐篷卷,1,1
2021-02-13,PKSH ↓→↓→H,臻于至善,帐篷卷,1,1
2021-02-13,PKSH ↓→↓→H,玻璃水面,帐篷卷,1,1
2021-02-13,PKSH ↓→↓→H,臻于至善,帐篷卷,1,1
2021-02-13,PKSH ↓→↓→H,玻璃水面,帐篷卷,1,1
2021-02-13,PKSH ↓→↓→H,玻璃水面,帐篷卷,1,1
2021-02-13,PKSH ↓→↓→H,玻璃水面,帐篷卷,1,1
2021-02-13,PKSH ↓→↓→H,臻于至善,帐篷卷,1,1
2021-02-13,PKSH ↓→↓→H,臻于至善,帐篷卷,1,1
2021-02-13,臻于至善,数字小姐,发光浆果慕斯,1,4
2021-02-13,みゆ,稚鱼,炖肉汤,1,1
2021-02-13,三十6,PKSH ↓→↓→H,蜂蜜,40,3
2021-02-13,我喝温开水,数字小姐,舒缓茶,2,3
2021-02-13,みゆ,数字小姐,炖肉汤,1,1
2021-02-13,莫言,稚鱼,炖肉汤,1,1
2021-02-13,Pijjy,莫言,玻璃刀,1,2
2021-02-13,Pijjy,莫言,玻璃刀,1,2
2021-02-13,みゆ,数字小姐,炖肉汤,1,1
2021-02-13,臻于至善,数字小姐,蘑菇皮,1,9
2021-02-13,莫言,PKSH ↓→↓→H,肉,6,0
2021-02-13,みゆ,waiyousans1,炖肉汤,1,1
2021-02-13,みゆ,数字小姐,炖肉汤,1,1
2021-02-13,稚鱼,数字小姐,暗影心房,1,0
2021-02-13,臻于至善,PKSH ↓→↓→H,月岩,40,8
2021-02-13,臻于至善,PKSH ↓→↓→H,月岩,40,8
2021-02-13,臻于至善,PKSH ↓→↓→H,月岩,40,8
2021-02-13,臻于至善,PKSH ↓→↓→H,月岩,40,8
2021-02-13,臻于至善,PKSH ↓→↓→H,月岩,40,8
2021-02-13,みゆ,数字小姐,炖肉汤,1,1
2021-02-13,红中,数字小姐,触手尖刺,1,1
