世界名,时间,玩家名,玩家ID,容器名,物品名,物品代码,数量
萌新天堂,2023-06-19 13:08,幻滅,KU_P2T7Pk5O,冰箱,暖石,heatrock,1
萌新天堂,2023-06-19 13:41,童的翠梅,KU_bALbfbZi,龙鳞宝箱,石头,rocks,2
萌新天堂,2023-06-19 13:42,童的翠梅,KU_bALbfbZi,龙鳞宝箱,溯源表,pocketwatch_recall,1
萌新天堂,2023-06-19 13:42,童的翠梅,KU_bALbfbZi,龙鳞宝箱,不老表,pocketwatch_heal,1
萌新天堂,2023-06-19 13:42,童的翠梅,KU_bALbfbZi,龙鳞宝箱,不老表,pocketwatch_heal,1
萌新天堂,2023-06-19 13:42,童的翠梅,KU_bALbfbZi,龙鳞宝箱,警钟,pocketwatch_weapon,1
萌新天堂,2023-06-19 13:42,童的翠梅,KU_bALbfbZi,龙鳞宝箱,重生护符,amulet,1
萌新天堂,2023-06-19 13:42,童的翠梅,KU_bALbfbZi,龙鳞宝箱,噩梦燃料,nightmarefuel,15
萌新天堂,2023-06-19 13:42,童的翠梅,KU_bALbfbZi,龙鳞宝箱,捆绑包装,bundlewrap,1
萌新天堂,2023-06-19 13:42,童的翠梅,KU_bALbfbZi,龙鳞宝箱,噩梦燃料,nightmarefuel,15
萌新天堂,2023-06-19 13:42,童的翠梅,KU_bALbfbZi,龙鳞宝箱,启迪碎片,alterguardianhatshard,1
萌新天堂,2023-06-19 13:42,童的翠梅,KU_bALbfbZi,龙鳞宝箱,倒走表,pocketwatch_warp,1
萌新天堂,2023-06-19 13:42,童的翠梅,KU_bALbfbZi,龙鳞宝箱,懒人魔杖,orangestaff,1
萌新天堂,2023-06-19 13:42,童的翠梅,KU_bALbfbZi,龙鳞宝箱,树枝,twigs,36
萌新天堂,2023-06-19 14:20,童的翠梅,KU_bALbfbZi,龙鳞宝箱,溯源表,pocketwatch_recall,-1
萌新天堂,2023-06-19 14:20,童的翠梅,KU_bALbfbZi,龙鳞宝箱,树枝,twigs,6
萌新天堂,2023-06-19 14:20,童的翠梅,KU_bALbfbZi,龙鳞宝箱,不老表,pocketwatch_heal,-1
萌新天堂,2023-06-19 14:20,童的翠梅,KU_bALbfbZi,龙鳞宝箱,不老表,pocketwatch_heal,-1
萌新天堂,2023-06-19 14:20,童的翠梅,KU_bALbfbZi,龙鳞宝箱,噩梦燃料,nightmarefuel,-40
萌新天堂,2023-06-19 14:20,童的翠梅,KU_bALbfbZi,龙鳞宝箱,重生护符,amulet,-1
萌新天堂,2023-06-19 14:20,童的翠梅,KU_bALbfbZi,龙鳞宝箱,警钟,pocketwatch_weapon,-1
萌新天堂,2023-06-19 14:21,童的翠梅,KU_bALbfbZi,龙鳞宝箱,捆绑包装,bundlewrap,-1
萌新天堂,2023-06-19 14:21,童的翠梅,KU_bALbfbZi,龙鳞宝箱,噩梦燃料,nightmarefuel,-15
萌新天堂,2023-06-19 14:21,童的翠梅,KU_bALbfbZi,龙鳞宝箱,启迪碎片,alterguardianhatshard,-1
萌新天堂,2023-06-19 14:21,童的翠梅,KU_bALbfbZi,龙鳞宝箱,懒人魔杖,orangestaff,-1
萌新天堂,2023-06-19 14:21,童的翠梅,KU_bALbfbZi,龙鳞宝箱,倒走表,pocketwatch_warp,-1
萌新天堂,2023-06-19 14:21,童的翠梅,KU_bALbfbZi,龙鳞宝箱,树枝,twigs,-40
萌新天堂,2023-06-19 15:25,童的翠梅,KU_bALbfbZi,龙鳞宝箱,溯源表,pocketwatch_recall,1
萌新天堂,2023-06-19 15:25,童的翠梅,KU_bALbfbZi,龙鳞宝箱,魔光护符,yellowamulet,1
萌新天堂,2023-06-19 15:25,童的翠梅,KU_bALbfbZi,龙鳞宝箱,捆绑包装,bundlewrap,1
萌新天堂,2023-06-19 15:25,童的翠梅,KU_bALbfbZi,龙鳞宝箱,启迪碎片,alterguardianhatshard,1
萌新天堂,2023-06-19 15:25,童的翠梅,KU_bALbfbZi,龙鳞宝箱,暖石,heatrock,1
萌新天堂,2023-06-19 15:25,童的翠梅,KU_bALbfbZi,龙鳞宝箱,警钟,pocketwatch_weapon,1
萌新天堂,2023-06-19 15:25,童的翠梅,KU_bALbfbZi,龙鳞宝箱,不老表,pocketwatch_heal,1
萌新天堂,2023-06-19 15:25,童的翠梅,KU_bALbfbZi,龙鳞宝箱,噩梦燃料,nightmarefuel,40
萌新天堂,2023-06-19 15:25,童的翠梅,KU_bALbfbZi,龙鳞宝箱,不老表,pocketwatch_heal,1
萌新天堂,2023-06-19 15:25,童的翠梅,KU_bALbfbZi,龙鳞宝箱,噩梦燃料,nightmarefuel,15
萌新天堂,2023-06-19 15:25,童的翠梅,KU_bALbfbZi,龙鳞宝箱,亮茄粉碎者,pickaxe_lunarplant,1
萌新天堂,2023-06-19 15:25,童的翠梅,KU_bALbfbZi,龙鳞宝箱,亮茄粉碎者,pickaxe_lunarplant,-1
萌新天堂,2023-06-19 15:25,童的翠梅,KU_bALbfbZi,龙鳞宝箱,红宝石,redgem,3
萌新天堂,2023-06-19 15:25,童的翠梅,KU_bALbfbZi,龙鳞宝箱,红宝石,redgem,-3
萌新天堂,2023-06-19 15:25,童的翠梅,KU_bALbfbZi,龙鳞宝箱,懒人魔杖,orangestaff,1
萌新天堂,2023-06-19 15:25,童的翠梅,KU_bALbfbZi,龙鳞宝箱,捆绑包装,bundlewrap,-1
萌新天堂,2023-06-19 15:25,童的翠梅,KU_bALbfbZi,龙鳞宝箱,红宝石,redgem,3
萌新天堂,2023-06-19 15:25,童的翠梅,KU_bALbfbZi,龙鳞宝箱,启迪碎片,alterguardianhatshard,-1
萌新天堂,2023-06-19 15:25,童的翠梅,KU_bALbfbZi,龙鳞宝箱,捆绑包装,bundlewrap,1
萌新天堂,2023-06-19 15:57,童的翠梅,KU_bALbfbZi,龙鳞宝箱,懒人魔杖,orangestaff,-1
萌新天堂,2023-06-19 15:57,童的翠梅,KU_bALbfbZi,龙鳞宝箱,噩梦燃料,nightmarefuel,-15
萌新天堂,2023-06-19 15:57,童的翠梅,KU_bALbfbZi,龙鳞宝箱,不老表,pocketwatch_heal,-1
萌新天堂,2023-06-19 15:57,童的翠梅,KU_bALbfbZi,龙鳞宝箱,警钟,pocketwatch_weapon,-1
萌新天堂,2023-06-19 15:57,童的翠梅,KU_bALbfbZi,龙鳞宝箱,不老表,pocketwatch_heal,-1
萌新天堂,2023-06-19 15:57,童的翠梅,KU_bALbfbZi,龙鳞宝箱,噩梦燃料,nightmarefuel,-40
萌新天堂,2023-06-19 15:57,童的翠梅,KU_bALbfbZi,龙鳞宝箱,暖石,heatrock,-1
萌新天堂,2023-06-19 15:57,童的翠梅,KU_bALbfbZi,龙鳞宝箱,魔光护符,yellowamulet,-1
萌新天堂,2023-06-19 15:57,童的翠梅,KU_bALbfbZi,龙鳞宝箱,溯源表,pocketwatch_recall,-1
萌新天堂,2023-06-19 15:57,童的翠梅,KU_bALbfbZi,龙鳞宝箱,树枝,twigs,-40
萌新天堂,2023-06-19 15:57,童的翠梅,KU_bALbfbZi,龙鳞宝箱,红宝石,redgem,-3
萌新天堂,2023-06-19 15:57,童的翠梅,KU_bALbfbZi,龙鳞宝箱,捆绑包装,bundlewrap,-1
萌新天堂,2023-06-19 16:10,童的翠梅,KU_bALbfbZi,龙鳞宝箱,启迪碎片,alterguardianhatshard,1
萌新天堂,2023-06-19 16:10,童的翠梅,KU_bALbfbZi,龙鳞宝箱,月岩雕像,moonrockidol,1
萌新天堂,2023-06-19 16:10,童的翠梅,KU_bALbfbZi,龙鳞宝箱,噩梦燃料,nightmarefuel,40
萌新天堂,2023-06-19 16:11,童的翠梅,KU_bALbfbZi,龙鳞宝箱,不老表,pocketwatch_heal,1
萌新天堂,2023-06-19 16:11,童的翠梅,KU_bALbfbZi,龙鳞宝箱,警钟,pocketwatch_weapon,1
萌新天堂,2023-06-19 16:11,童的翠梅,KU_bALbfbZi,龙鳞宝箱,不老表,pocketwatch_heal,1
萌新天堂,2023-06-19 16:11,童的翠梅,KU_bALbfbZi,龙鳞宝箱,噩梦燃料,nightmarefuel,29
萌新天堂,2023-06-19 16:11,童的翠梅,KU_bALbfbZi,龙鳞宝箱,暖石,heatrock,1
萌新天堂,2023-06-19 16:11,童的翠梅,KU_bALbfbZi,龙鳞宝箱,魔光护符,yellowamulet,1
萌新天堂,2023-06-19 16:11,童的翠梅,KU_bALbfbZi,龙鳞宝箱,溯源表,pocketwatch_recall,1
萌新天堂,2023-06-19 16:11,童的翠梅,KU_bALbfbZi,龙鳞宝箱,树枝,twigs,40
萌新天堂,2023-06-19 16:11,童的翠梅,KU_bALbfbZi,龙鳞宝箱,红宝石,redgem,3
萌新天堂,2023-06-19 16:11,童的翠梅,KU_bALbfbZi,龙鳞宝箱,月岩雕像,moonrockidol,-1
萌新天堂,2023-06-19 16:11,童的翠梅,KU_bALbfbZi,龙鳞宝箱,捆绑包装,bundlewrap,1
萌新天堂,2023-06-19 16:14,童的翠梅,KU_bALbfbZi,龙鳞宝箱,启迪碎片,alterguardianhatshard,-1
萌新天堂,2023-06-19 16:14,童的翠梅,KU_bALbfbZi,龙鳞宝箱,雨伞,umbrella,1
萌新天堂,2023-06-19 16:14,童的翠梅,KU_bALbfbZi,龙鳞宝箱,捆绑包装,bundlewrap,-1
萌新天堂,2023-06-19 16:14,童的翠梅,KU_bALbfbZi,龙鳞宝箱,噩梦燃料,nightmarefuel,-40
萌新天堂,2023-06-19 16:14,童的翠梅,KU_bALbfbZi,龙鳞宝箱,不老表,pocketwatch_heal,-1
萌新天堂,2023-06-19 16:15,童的翠梅,KU_bALbfbZi,龙鳞宝箱,不老表,pocketwatch_heal,-1
萌新天堂,2023-06-19 16:15,童的翠梅,KU_bALbfbZi,龙鳞宝箱,警钟,pocketwatch_weapon,-1
萌新天堂,2023-06-19 16:15,童的翠梅,KU_bALbfbZi,龙鳞宝箱,魔光护符,yellowamulet,-1
萌新天堂,2023-06-19 16:15,童的翠梅,KU_bALbfbZi,龙鳞宝箱,红宝石,redgem,-3
萌新天堂,2023-06-19 16:15,童的翠梅,KU_bALbfbZi,龙鳞宝箱,冬帽,winterhat,1
萌新天堂,2023-06-19 16:15,童的翠梅,KU_bALbfbZi,龙鳞宝箱,噩梦燃料,nightmarefuel,-29
萌新天堂,2023-06-19 16:15,童的翠梅,KU_bALbfbZi,龙鳞宝箱,燧石,flint,10
萌新天堂,2023-06-19 16:15,童的翠梅,KU_bALbfbZi,龙鳞宝箱,采下的草,cutgrass,10
萌新天堂,2023-06-19 16:15,童的翠梅,KU_bALbfbZi,龙鳞宝箱,采下的草,cutgrass,-10
萌新天堂,2023-06-19 16:15,童的翠梅,KU_bALbfbZi,龙鳞宝箱,树枝,twigs,-40
萌新天堂,2023-06-19 16:15,童的翠梅,KU_bALbfbZi,龙鳞宝箱,树枝,twigs,10
萌新天堂,2023-06-19 16:15,童的翠梅,KU_bALbfbZi,龙鳞宝箱,溯源表,pocketwatch_recall,-1
萌新天堂,2023-06-19 16:15,童的翠梅,KU_bALbfbZi,龙鳞宝箱,不老表,pocketwatch_heal,1
萌新天堂,2023-06-19 19:03,童的翠梅,KU_bALbfbZi,冰箱,怪物肉,monstermeat,2
萌新天堂,2023-06-19 19:06,童的翠梅,KU_bALbfbZi,龙鳞宝箱,宝石哑铃,dumbbell_gem,1
萌新天堂,2023-06-19 19:09,童的翠梅,KU_bALbfbZi,龙鳞宝箱,警钟,pocketwatch_weapon,1
萌新天堂,2023-06-19 19:09,童的翠梅,KU_bALbfbZi,龙鳞宝箱,不老表,pocketwatch_heal,1
萌新天堂,2023-06-19 19:09,童的翠梅,KU_bALbfbZi,龙鳞宝箱,不老表,pocketwatch_heal,1
萌新天堂,2023-06-19 19:09,童的翠梅,KU_bALbfbZi,龙鳞宝箱,捆绑包装,bundlewrap,1
萌新天堂,2023-06-19 19:09,童的翠梅,KU_bALbfbZi,龙鳞宝箱,重生护符,amulet,1
萌新天堂,2023-06-19 19:09,童的翠梅,KU_bALbfbZi,龙鳞宝箱,树枝,twigs,40
萌新天堂,2023-06-19 19:09,童的翠梅,KU_bALbfbZi,龙鳞宝箱,暖石,heatrock,1
萌新天堂,2023-06-19 19:09,童的翠梅,KU_bALbfbZi,龙鳞宝箱,噩梦燃料,nightmarefuel,10
萌新天堂,2023-06-19 19:09,童的翠梅,KU_bALbfbZi,龙鳞宝箱,噩梦燃料,nightmarefuel,10
萌新天堂,2023-06-19 19:09,童的翠梅,KU_bALbfbZi,龙鳞宝箱,魔光护符,yellowamulet,1
萌新天堂,2023-06-19 19:09,童的翠梅,KU_bALbfbZi,龙鳞宝箱,溯源表,pocketwatch_recall,1
萌新天堂,2023-06-19 19:09,童的翠梅,KU_bALbfbZi,龙鳞宝箱,懒人魔杖,orangestaff,1
萌新天堂,2023-06-19 19:10,童的翠梅,KU_bALbfbZi,龙鳞宝箱,捆绑包装,bundlewrap,-1
萌新天堂,2023-06-19 19:10,童的翠梅,KU_bALbfbZi,龙鳞宝箱,绝望石头盔,dreadstonehat,1
萌新天堂,2023-06-19 19:10,童的翠梅,KU_bALbfbZi,龙鳞宝箱,暖石,heatrock,-1
萌新天堂,2023-06-19 19:10,童的翠梅,KU_bALbfbZi,龙鳞宝箱,捆绑包装,bundlewrap,1
萌新天堂,2023-06-19 19:10,童的翠梅,KU_bALbfbZi,龙鳞宝箱,暖石,heatrock,1
萌新天堂,2023-06-19 21:00,no one,KU_0Z4zqb_B,箱子,锤子,hammer,-1
萌新天堂,2023-06-19 21:00,no one,KU_0Z4zqb_B,箱子,蜂巢,honeycomb,-1
萌新天堂,2023-06-19 21:02,no one,KU_0Z4zqb_B,箱子,锤子,hammer,1
萌新天堂,2023-06-19 21:04,童的翠梅,KU_bALbfbZi,龙鳞宝箱,懒人魔杖,orangestaff,-1
萌新天堂,2023-06-19 21:04,童的翠梅,KU_bALbfbZi,龙鳞宝箱,溯源表,pocketwatch_recall,-1
萌新天堂,2023-06-19 21:04,童的翠梅,KU_bALbfbZi,龙鳞宝箱,魔光护符,yellowamulet,-1
萌新天堂,2023-06-19 21:04,童的翠梅,KU_bALbfbZi,龙鳞宝箱,捆绑包装,bundlewrap,-1
萌新天堂,2023-06-19 21:04,童的翠梅,KU_bALbfbZi,龙鳞宝箱,噩梦燃料,nightmarefuel,-40
萌新天堂,2023-06-19 21:04,童的翠梅,KU_bALbfbZi,龙鳞宝箱,噩梦燃料,nightmarefuel,-10
萌新天堂,2023-06-19 21:04,童的翠梅,KU_bALbfbZi,龙鳞宝箱,树枝,twigs,-40
萌新天堂,2023-06-19 21:04,童的翠梅,KU_bALbfbZi,龙鳞宝箱,重生护符,amulet,-1
萌新天堂,2023-06-19 21:04,童的翠梅,KU_bALbfbZi,龙鳞宝箱,绝望石头盔,dreadstonehat,-1
萌新天堂,2023-06-19 21:04,童的翠梅,KU_bALbfbZi,龙鳞宝箱,警钟,pocketwatch_weapon,-1
萌新天堂,2023-06-19 21:04,童的翠梅,KU_bALbfbZi,龙鳞宝箱,不老表,pocketwatch_heal,-1
萌新天堂,2023-06-19 21:04,童的翠梅,KU_bALbfbZi,龙鳞宝箱,不老表,pocketwatch_heal,-1
萌新天堂,2023-06-19 21:04,童的翠梅,KU_bALbfbZi,龙鳞宝箱,暖石,heatrock,-1
萌新天堂,2023-06-19 21:43,桜小路ルナ,KU_3NiPQpJ1,箱子,地图卷轴,mapscroll,-1
萌新天堂,2023-06-19 21:53,Ns,KU_3xJ72NY-,冰箱,暖石,heatrock,-1
萌新天堂,2023-06-19 21:53,Ns,KU_3xJ72NY-,冰箱,暖石,heatrock,-1
萌新天堂,2023-06-19 21:53,Ns,KU_3xJ72NY-,冰箱,暖石,heatrock,-1
萌新天堂,2023-06-19 21:53,Ns,KU_3xJ72NY-,冰箱,暖石,heatrock,1
萌新天堂,2023-06-19 21:53,Ns,KU_3xJ72NY-,冰箱,暖石,heatrock,-1
萌新天堂,2023-06-19 21:58,Ns,KU_3xJ72NY-,冰箱,暖石,heatrock,1
萌新天堂,2023-06-19 21:59,Ns,KU_3xJ72NY-,冰箱,暖石,heatrock,1
萌新天堂,2023-06-19 21:59,Ns,KU_3xJ72NY-,冰箱,暖石,heatrock,-1
萌新天堂,2023-06-19 22:00,Ns,KU_3xJ72NY-,冰箱,暖石,heatrock,1
萌新天堂,2023-06-19 22:00,Ns,KU_3xJ72NY-,冰箱,暖石,heatrock,-1
萌新天堂,2023-06-19 22:54,菜的一批,KU_wwUugcYd,冰箱,成熟石果,rock_avocado_fruit_ripe,2
萌新天堂,2023-06-19 22:54,菜的一批,KU_wwUugcYd,冰箱,犁地草,tillweed,1
萌新天堂,2023-06-19 22:59,菜的一批,KU_wwUugcYd,龙鳞宝箱,采下的芦苇,cutreeds,2
萌新天堂,2023-06-19 22:59,菜的一批,KU_wwUugcYd,龙鳞宝箱,硝石,nitre,8
萌新天堂,2023-06-19 22:59,菜的一批,KU_wwUugcYd,龙鳞宝箱,燧石,flint,6
萌新天堂,2023-06-19 22:59,菜的一批,KU_wwUugcYd,龙鳞宝箱,石头,rocks,-2
萌新天堂,2023-06-19 23:00,菜的一批,KU_wwUugcYd,龙鳞宝箱,树枝,twigs,-4
萌新天堂,2023-06-19 23:00,菜的一批,KU_wwUugcYd,龙鳞宝箱,树枝,twigs,40
萌新天堂,2023-06-19 23:00,菜的一批,KU_wwUugcYd,龙鳞宝箱,树枝,twigs,4
萌新天堂,2023-06-19 23:00,菜的一批,KU_wwUugcYd,龙鳞宝箱,树枝,twigs,4
萌新天堂,2023-06-19 23:00,菜的一批,KU_wwUugcYd,龙鳞宝箱,采下的草,cutgrass,20
萌新天堂,2023-06-19 23:00,菜的一批,KU_wwUugcYd,冰箱,培根煎蛋,baconeggs,15
萌新天堂,2023-06-19 23:09,菜的一批,KU_wwUugcYd,冰箱,培根煎蛋,baconeggs,-8
萌新地洞,2023-06-19 01:48,a1314,KU_cuIT1e8U,箱子,黄宝石,yellowgem,3
萌新地洞,2023-06-19 01:48,a1314,KU_cuIT1e8U,箱子,肉,meat,8
萌新地洞,2023-06-19 01:49,a1314,KU_cuIT1e8U,箱子,绿宝石,greengem,2
萌新地洞,2023-06-19 01:50,a1314,KU_cuIT1e8U,箱子,锤子,hammer,-1
萌新地洞,2023-06-19 01:50,a1314,KU_cuIT1e8U,箱子,锤子,hammer,1
萌新地洞,2023-06-19 01:50,a1314,KU_cuIT1e8U,箱子,骨头头盔,skeletonhat,1
萌新地洞,2023-06-19 02:08,a1314,KU_cuIT1e8U,箱子,骨头头盔,skeletonhat,-1
萌新地洞,2023-06-19 02:08,a1314,KU_cuIT1e8U,箱子,绿宝石,greengem,-2
萌新地洞,2023-06-19 02:08,a1314,KU_cuIT1e8U,箱子,黄宝石,yellowgem,-3
萌新地洞,2023-06-19 02:08,a1314,KU_cuIT1e8U,箱子,齿轮,gears,4
萌新地洞,2023-06-19 12:08,a1314,KU_cuIT1e8U,箱子,紫宝石,purplegem,2
萌新地洞,2023-06-19 15:34,nf,KU_zpnid8Dp,箱子,锤子,hammer,-1
萌新地洞,2023-06-19 15:34,nf,KU_zpnid8Dp,箱子,锤子,hammer,1
萌新地洞,2023-06-19 15:46,Mn.DAyer,KU_CdncAZp4,箱子,紫宝石,purplegem,-2
萌新地洞,2023-06-19 15:46,Mn.DAyer,KU_CdncAZp4,箱子,紫宝石,purplegem,2
萌新地洞,2023-06-19 15:46,Mn.DAyer,KU_CdncAZp4,箱子,溯源表,pocketwatch_recall,-1
萌新地洞,2023-06-19 15:46,Mn.DAyer,KU_CdncAZp4,箱子,裂缝表,pocketwatch_portal,1
萌新地洞,2023-06-19 15:46,Mn.DAyer,KU_CdncAZp4,箱子,裂缝表,pocketwatch_portal,-1
萌新地洞,2023-06-19 15:46,Mn.DAyer,KU_CdncAZp4,箱子,溯源表,pocketwatch_recall,1
萌新地洞,2023-06-19 22:45,菜的一批,KU_wwUugcYd,冰箱,暖石,heatrock,1
萌新地洞,2023-06-19 22:47,菜的一批,KU_wwUugcYd,冰箱,培根煎蛋,baconeggs,15
萌新地洞,2023-06-19 22:47,菜的一批,KU_wwUugcYd,冰箱,肉丸,meatballs,4
萌新地洞,2023-06-19 22:47,菜的一批,KU_wwUugcYd,冰箱,犁地草,tillweed,1
萌新地洞,2023-06-19 22:47,菜的一批,KU_wwUugcYd,冰箱,烤桦栗果,acorn_cooked,1
萌新地洞,2023-06-19 22:50,菜的一批,KU_wwUugcYd,冰箱,烤桦栗果,acorn_cooked,-1
萌新地洞,2023-06-19 22:50,菜的一批,KU_wwUugcYd,冰箱,犁地草,tillweed,-1
萌新地洞,2023-06-19 22:51,菜的一批,KU_wwUugcYd,冰箱,培根煎蛋,baconeggs,-15
萌新地洞,2023-06-19 22:51,菜的一批,KU_wwUugcYd,冰箱,肉丸,meatballs,-2
萌新地洞,2023-06-19 23:02,菜的一批,KU_wwUugcYd,冰箱,暖石,heatrock,-1
萌新地洞,2023-06-19 23:02,菜的一批,KU_wwUugcYd,冰箱,暖石,heatrock,1
萌新地洞,2023-06-19 23:08,菜的一批,KU_wwUugcYd,冰箱,暖石,heatrock,-1
萌新地洞,2023-06-19 23:08,菜的一批,KU_wwUugcYd,冰箱,暖石,heatrock,1
萌新地洞,2023-06-19 23:08,菜的一批,KU_wwUugcYd,冰箱,暖石,heatrock,-1
长期地面,2023-06-19 01:41,栗子,KU_qE7e81tw,龙鳞宝箱,亮茄粉碎者,pickaxe_lunarplant,-1
长期地面,2023-06-19 01:41,栗子,KU_qE7e81tw,龙鳞宝箱,亮茄粉碎者,pickaxe_lunarplant,1
长期地面,2023-06-19 02:46,栗子,KU_qE7e81tw,龙鳞宝箱,树果酱,treegrowthsolution,10
长期地面,2023-06-19 02:46,栗子,KU_qE7e81tw,龙鳞宝箱,树果酱,treegrowthsolution,7
长期地面,2023-06-19 02:52,栗子,KU_qE7e81tw,菌伞灯,启迪碎片,alterguardianhatshard,1
长期地面,2023-06-19 02:52,栗子,KU_qE7e81tw,菌伞灯,红色孢子,spore_medium,1
长期地面,2023-06-19 02:52,栗子,KU_qE7e81tw,菌伞灯,红色孢子,spore_medium,1
长期地面,2023-06-19 02:52,栗子,KU_qE7e81tw,菌伞灯,蓝色孢子,spore_tall,1
长期地面,2023-06-19 02:53,栗子,KU_qE7e81tw,龙鳞宝箱,码头套装,dock_kit,5
长期地面,2023-06-19 02:53,栗子,KU_qE7e81tw,龙鳞宝箱,码头套装,dock_kit,-5
长期地面,2023-06-19 02:54,栗子,KU_qE7e81tw,龙鳞宝箱,码头套装,dock_kit,5
长期地面,2023-06-19 02:55,zxx15579,KU_cuIT10Qb,龙鳞宝箱,溯源表,pocketwatch_recall,1
长期地面,2023-06-19 02:55,zxx15579,KU_cuIT10Qb,龙鳞宝箱,溯源表,pocketwatch_recall,-1
长期地面,2023-06-19 02:55,zxx15579,KU_cuIT10Qb,龙鳞宝箱,溯源表,pocketwatch_recall,1
长期地面,2023-06-19 02:55,栗子,KU_qE7e81tw,龙鳞宝箱,树果酱,treegrowthsolution,7
长期地面,2023-06-19 02:55,栗子,KU_qE7e81tw,龙鳞宝箱,树果酱,treegrowthsolution,7
长期地面,2023-06-19 02:55,栗子,KU_qE7e81tw,龙鳞宝箱,树果酱,treegrowthsolution,7
长期地面,2023-06-19 02:55,栗子,KU_qE7e81tw,龙鳞宝箱,树果酱,treegrowthsolution,7
长期地面,2023-06-19 02:55,栗子,KU_qE7e81tw,龙鳞宝箱,树果酱,treegrowthsolution,7
长期地面,2023-06-19 02:55,栗子,KU_qE7e81tw,龙鳞宝箱,树果酱,treegrowthsolution,7
长期地面,2023-06-19 03:13,栗子,KU_qE7e81tw,龙鳞宝箱,树果酱,treegrowthsolution,7
长期地面,2023-06-19 03:13,栗子,KU_qE7e81tw,龙鳞宝箱,树果酱,treegrowthsolution,7
长期地面,2023-06-19 03:17,栗子,KU_qE7e81tw,龙鳞宝箱,树果酱,treegrowthsolution,-10
长期地面,2023-06-19 03:17,栗子,KU_qE7e81tw,龙鳞宝箱,树果酱,treegrowthsolution,9
长期地面,2023-06-19 12:31,Mn.DAyer,KU_CdncAZp4,冰箱,暖石,heatrock,-1
长期地面,2023-06-19 12:32,Mn.DAyer,KU_CdncAZp4,冰箱,暖石,heatrock,-1
长期地面,2023-06-19 12:32,Mn.DAyer,KU_CdncAZp4,冰箱,暖石,heatrock,1
长期地面,2023-06-19 12:32,Mn.DAyer,KU_CdncAZp4,冰箱,暖石,heatrock,1
长期地面,2023-06-19 14:11,a1314,KU_cuIT1e8U,龙鳞宝箱,亮茄粉碎者,pickaxe_lunarplant,-1
长期地面,2023-06-19 14:12,a1314,KU_cuIT1e8U,龙鳞宝箱,亮茄粉碎者,pickaxe_lunarplant,1
长期地面,2023-06-19 14:35,栗子,KU_qE7e81tw,龙鳞宝箱,树果酱,treegrowthsolution,-9
长期地面,2023-06-19 14:35,栗子,KU_qE7e81tw,龙鳞宝箱,树果酱,treegrowthsolution,8
长期地面,2023-06-19 14:36,栗子,KU_qE7e81tw,龙鳞宝箱,船套装,boat_item,1
长期地面,2023-06-19 14:36,栗子,KU_qE7e81tw,龙鳞宝箱,船套装,boat_item,-1
长期地面,2023-06-19 14:37,a1314,KU_cuIT1e8U,冰箱,无花果,fig,2
长期地面,2023-06-19 14:37,a1314,KU_cuIT1e8U,冰箱,无花果,fig,-2
长期地面,2023-06-19 14:37,a1314,KU_cuIT1e8U,冰箱,无花果,fig,1
长期地面,2023-06-19 14:37,a1314,KU_cuIT1e8U,冰箱,无花果,fig,-2
长期地面,2023-06-19 15:19,红浪漫VIP一位,KU_bkBUBd5Q,箱子,暖石,heatrock,-1
长期地面,2023-06-19 18:19,栗子,KU_qE7e81tw,箱子,钟表匠工具,pocketwatch_dismantler,1
长期地面,2023-06-19 18:22,栗子,KU_qE7e81tw,龙鳞宝箱,树果酱,treegrowthsolution,-8
长期地面,2023-06-19 18:22,栗子,KU_qE7e81tw,龙鳞宝箱,树果酱,treegrowthsolution,7
长期地面,2023-06-19 18:24,栗子,KU_qE7e81tw,龙鳞宝箱,亮茄粉碎者,pickaxe_lunarplant,-1
长期地面,2023-06-19 18:33,栗子,KU_qE7e81tw,龙鳞宝箱,亮茄粉碎者,pickaxe_lunarplant,1
长期地面,2023-06-19 19:01,栗子,KU_qE7e81tw,龙鳞宝箱,树果酱,treegrowthsolution,-7
长期地面,2023-06-19 19:01,栗子,KU_qE7e81tw,龙鳞宝箱,树果酱,treegrowthsolution,6
长期地面,2023-06-19 19:39,栗子,KU_qE7e81tw,龙鳞宝箱,树果酱,treegrowthsolution,-6
长期地面,2023-06-19 19:39,栗子,KU_qE7e81tw,龙鳞宝箱,树果酱,treegrowthsolution,5
长期地面,2023-06-19 20:14,栗子,KU_qE7e81tw,龙鳞宝箱,树果酱,treegrowthsolution,-5
长期地面,2023-06-19 20:14,栗子,KU_qE7e81tw,龙鳞宝箱,树果酱,treegrowthsolution,4
长期地面,2023-06-19 20:48,栗子,KU_qE7e81tw,龙鳞宝箱,树果酱,treegrowthsolution,-4
长期地面,2023-06-19 20:48,栗子,KU_qE7e81tw,龙鳞宝箱,树果酱,treegrowthsolution,3
长期地面,2023-06-19 20:54,Super Fig,KU_HCp1liQH,箱子,守护者之角,minotaurhorn,1
长期地面,2023-06-19 20:54,Super Fig,KU_HCp1liQH,箱子,铥矿碎片,thulecite_pieces,13
长期地面,2023-06-19 20:54,Super Fig,KU_HCp1liQH,龙鳞宝箱,腐烂物,spoiled_food,16
长期地面,2023-06-19 20:54,Super Fig,KU_HCp1liQH,龙鳞宝箱,腐烂物,spoiled_food,-16
长期地面,2023-06-19 21:11,栗子,KU_qE7e81tw,菌伞灯,启迪碎片,alterguardianhatshard,1
长期地面,2023-06-19 21:24,栗子,KU_qE7e81tw,龙鳞宝箱,树果酱,treegrowthsolution,-3
长期地面,2023-06-19 21:24,栗子,KU_qE7e81tw,龙鳞宝箱,树果酱,treegrowthsolution,3
长期地面,2023-06-19 22:39,红浪漫VIP一位,KU_bkBUBd5Q,冰箱,培根煎蛋,baconeggs,2
长期地面,2023-06-19 23:05,夏乏、,KU_upUQhYf1,龙鳞宝箱,树果酱,treegrowthsolution,-10
长期地面,2023-06-19 23:05,夏乏、,KU_upUQhYf1,龙鳞宝箱,树果酱,treegrowthsolution,9
长期地面,2023-06-19 23:14,Super Fig,KU_HCp1liQH,箱子,捆绑包装,bundlewrap,-12
长期地面,2023-06-19 23:14,Super Fig,KU_HCp1liQH,箱子,捆绑包装,bundlewrap,1
长期地面,2023-06-19 23:14,Super Fig,KU_HCp1liQH,箱子,捆绑包装,bundlewrap,-1
长期地面,2023-06-19 23:14,Super Fig,KU_HCp1liQH,箱子,捆绑包装,bundlewrap,11
长期地面,2023-06-19 23:14,Super Fig,KU_HCp1liQH,箱子,守护者之角,minotaurhorn,-1
长期地面,2023-06-19 23:14,Super Fig,KU_HCp1liQH,箱子,守护者之角,minotaurhorn,-1
长期地面,2023-06-19 23:14,Super Fig,KU_HCp1liQH,箱子,铥矿,thulecite,4
长期地面,2023-06-19 23:14,Super Fig,KU_HCp1liQH,箱子,齿轮,gears,1
长期地面,2023-06-19 23:16,Super Fig,KU_HCp1liQH,箱子,礼物包装,giftwrap,-4
长期地面,2023-06-19 23:19,Super Fig,KU_HCp1liQH,箱子,礼物包装,giftwrap,18
长期地面,2023-06-19 23:19,Super Fig,KU_HCp1liQH,箱子,礼物包装,giftwrap,-18
长期地面,2023-06-19 23:19,Super Fig,KU_HCp1liQH,箱子,礼物包装,giftwrap,18
长期地面,2023-06-19 23:27,夏乏、,KU_upUQhYf1,箱子,蜘蛛丝,silk,-1
长期地面,2023-06-19 23:27,栗子,KU_qE7e81tw,箱子,蜘蛛丝,silk,-1
长期地面,2023-06-19 23:31,Super Fig,KU_HCp1liQH,箱子,硝石,nitre,9
长期地面,2023-06-19 23:33,夏乏、,KU_upUQhYf1,箱子,木板,boards,10
长期地面,2023-06-19 23:33,夏乏、,KU_upUQhYf1,箱子,木板,boards,1
长期地面,2023-06-19 23:39,栗子,KU_qE7e81tw,龙鳞宝箱,船套装,boat_item,-1
长期地面,2023-06-19 23:39,栗子,KU_qE7e81tw,龙鳞宝箱,船套装,boat_item,1
长期地面,2023-06-19 23:39,栗子,KU_qE7e81tw,龙鳞宝箱,船套装,boat_item,-1
长期地面,2023-06-19 23:40,栗子,KU_qE7e81tw,龙鳞宝箱,船套装,boat_item,1
长期地面,2023-06-19 23:40,栗子,KU_qE7e81tw,龙鳞宝箱,船套装,boat_item,-1
长期地面,2023-06-19 23:40,浆果丛,KU_wwUugYUo,蘑菇灯,启迪碎片,alterguardianhatshard,-1
长期地面,2023-06-19 23:40,浆果丛,KU_wwUugYUo,蘑菇灯,启迪碎片,alterguardianhatshard,-1
长期地面,2023-06-19 23:41,栗子,KU_qE7e81tw,龙鳞宝箱,船套装,boat_item,1
长期地面,2023-06-19 23:41,栗子,KU_qE7e81tw,蘑菇灯,启迪碎片,alterguardianhatshard,1
长期地面,2023-06-19 23:41,夏乏、,KU_upUQhYf1,箱子,木头,log,20
长期地面,2023-06-19 23:41,夏乏、,KU_upUQhYf1,箱子,粪肥,poop,12
长期地面,2023-06-19 23:42,夏乏、,KU_upUQhYf1,箱子,木板,boards,-1
长期地面,2023-06-19 23:43,夏乏、,KU_upUQhYf1,冬季盛宴树,糖曲奇饼,winter_food2,1
长期地面,2023-06-19 23:43,夏乏、,KU_upUQhYf1,冬季盛宴树,糖曲奇饼,winter_food2,1
长期地面,2023-06-19 23:43,夏乏、,KU_upUQhYf1,冬季盛宴树,糖曲奇饼,winter_food2,1
长期地面,2023-06-19 23:43,夏乏、,KU_upUQhYf1,冬季盛宴树,糖曲奇饼,winter_food2,1
长期地面,2023-06-19 23:43,夏乏、,KU_upUQhYf1,冬季盛宴树,糖曲奇饼,winter_food2,1
长期地面,2023-06-19 23:43,夏乏、,KU_upUQhYf1,冬季盛宴树,糖曲奇饼,winter_food2,1
长期地面,2023-06-19 23:43,夏乏、,KU_upUQhYf1,冬季盛宴树,糖曲奇饼,winter_food2,1
长期地面,2023-06-19 23:43,夏乏、,KU_upUQhYf1,冬季盛宴树,糖曲奇饼,winter_food2,1
长期地面,2023-06-19 23:43,夏乏、,KU_upUQhYf1,冬季盛宴树,糖曲奇饼,winter_food2,1
长期地面,2023-06-19 23:43,夏乏、,KU_upUQhYf1,冬季盛宴树,糖曲奇饼,winter_food2,1
长期地面,2023-06-19 23:43,夏乏、,KU_upUQhYf1,冬季盛宴树,糖曲奇饼,winter_food2,1
长期地面,2023-06-19 23:43,夏乏、,KU_upUQhYf1,冬季盛宴树,糖曲奇饼,winter_food2,1
长期地面,2023-06-19 23:43,夏乏、,KU_upUQhYf1,冬季盛宴树,糖曲奇饼,winter_food2,1
长期地面,2023-06-19 23:43,夏乏、,KU_upUQhYf1,冬季盛宴树,糖曲奇饼,winter_food2,1
长期地面,2023-06-19 23:43,夏乏、,KU_upUQhYf1,冬季盛宴树,糖曲奇饼,winter_food2,1
长期地面,2023-06-19 23:43,夏乏、,KU_upUQhYf1,冬季盛宴树,糖曲奇饼,winter_food2,1
长期地面,2023-06-19 23:43,夏乏、,KU_upUQhYf1,冬季盛宴树,糖曲奇饼,winter_food2,1
长期地面,2023-06-19 23:43,夏乏、,KU_upUQhYf1,冬季盛宴树,糖曲奇饼,winter_food2,1
长期地面,2023-06-19 23:43,夏乏、,KU_upUQhYf1,冬季盛宴树,糖曲奇饼,winter_food2,1
长期地面,2023-06-19 23:43,夏乏、,KU_upUQhYf1,冬季盛宴树,糖曲奇饼,winter_food2,1
长期地面,2023-06-19 23:43,夏乏、,KU_upUQhYf1,冬季盛宴树,糖曲奇饼,winter_food2,1
长期地面,2023-06-19 23:43,夏乏、,KU_upUQhYf1,冬季盛宴树,糖曲奇饼,winter_food2,1
长期地面,2023-06-19 23:43,夏乏、,KU_upUQhYf1,冬季盛宴树,糖曲奇饼,winter_food2,1
长期地面,2023-06-19 23:43,夏乏、,KU_upUQhYf1,冬季盛宴树,糖曲奇饼,winter_food2,1
长期地面,2023-06-19 23:43,夏乏、,KU_upUQhYf1,冬季盛宴树,糖曲奇饼,winter_food2,1
长期地面,2023-06-19 23:43,夏乏、,KU_upUQhYf1,冬季盛宴树,糖曲奇饼,winter_food2,1
长期地面,2023-06-19 23:43,夏乏、,KU_upUQhYf1,冬季盛宴树,糖曲奇饼,winter_food2,1
长期地面,2023-06-19 23:43,夏乏、,KU_upUQhYf1,冬季盛宴树,糖曲奇饼,winter_food2,1
长期地面,2023-06-19 23:43,夏乏、,KU_upUQhYf1,冬季盛宴树,糖曲奇饼,winter_food2,1
长期地面,2023-06-19 23:43,夏乏、,KU_upUQhYf1,冬季盛宴树,糖曲奇饼,winter_food2,1
长期地面,2023-06-19 23:43,夏乏、,KU_upUQhYf1,冬季盛宴树,糖曲奇饼,winter_food2,1
长期地面,2023-06-19 23:43,夏乏、,KU_upUQhYf1,冬季盛宴树,糖曲奇饼,winter_food2,1
长期地面,2023-06-19 23:43,夏乏、,KU_upUQhYf1,冬季盛宴树,糖曲奇饼,winter_food2,1
长期地面,2023-06-19 23:43,夏乏、,KU_upUQhYf1,冬季盛宴树,糖曲奇饼,winter_food2,1
长期地面,2023-06-19 23:43,夏乏、,KU_upUQhYf1,冬季盛宴树,糖曲奇饼,winter_food2,1
长期地面,2023-06-19 23:43,夏乏、,KU_upUQhYf1,冬季盛宴树,糖曲奇饼,winter_food2,1
长期地面,2023-06-19 23:43,夏乏、,KU_upUQhYf1,冬季盛宴树,糖曲奇饼,winter_food2,1
长期地面,2023-06-19 23:43,夏乏、,KU_upUQhYf1,冬季盛宴树,糖曲奇饼,winter_food2,1
长期地面,2023-06-19 23:43,夏乏、,KU_upUQhYf1,冬季盛宴树,糖曲奇饼,winter_food2,1
长期地面,2023-06-19 23:43,夏乏、,KU_upUQhYf1,冬季盛宴树,糖曲奇饼,winter_food2,1
长期地面,2023-06-19 23:43,夏乏、,KU_upUQhYf1,冬季盛宴树,巧克力原木蛋糕,winter_food5,1
长期地面,2023-06-19 23:43,夏乏、,KU_upUQhYf1,冬季盛宴树,巧克力原木蛋糕,winter_food5,1
长期地面,2023-06-19 23:43,夏乏、,KU_upUQhYf1,冬季盛宴树,巧克力原木蛋糕,winter_food5,1
长期地面,2023-06-19 23:43,夏乏、,KU_upUQhYf1,冬季盛宴树,巧克力原木蛋糕,winter_food5,1
长期地面,2023-06-19 23:43,夏乏、,KU_upUQhYf1,冬季盛宴树,巧克力原木蛋糕,winter_food5,1
长期地面,2023-06-19 23:43,夏乏、,KU_upUQhYf1,冬季盛宴树,巧克力原木蛋糕,winter_food5,1
长期地面,2023-06-19 23:43,夏乏、,KU_upUQhYf1,冬季盛宴树,巧克力原木蛋糕,winter_food5,1
长期地面,2023-06-19 23:43,夏乏、,KU_upUQhYf1,冬季盛宴树,巧克力原木蛋糕,winter_food5,1
长期地面,2023-06-19 23:43,夏乏、,KU_upUQhYf1,冬季盛宴树,巧克力原木蛋糕,winter_food5,1
长期地面,2023-06-19 23:43,夏乏、,KU_upUQhYf1,冬季盛宴树,巧克力原木蛋糕,winter_food5,1
长期地面,2023-06-19 23:43,夏乏、,KU_upUQhYf1,冬季盛宴树,巧克力原木蛋糕,winter_food5,1
长期地面,2023-06-19 23:43,夏乏、,KU_upUQhYf1,冬季盛宴树,巧克力原木蛋糕,winter_food5,1
长期地面,2023-06-19 23:43,夏乏、,KU_upUQhYf1,冬季盛宴树,巧克力原木蛋糕,winter_food5,1
长期地面,2023-06-19 23:43,夏乏、,KU_upUQhYf1,冬季盛宴树,巧克力原木蛋糕,winter_food5,1
长期地面,2023-06-19 23:43,夏乏、,KU_upUQhYf1,冬季盛宴树,巧克力原木蛋糕,winter_food5,1
长期地面,2023-06-19 23:43,夏乏、,KU_upUQhYf1,冬季盛宴树,巧克力原木蛋糕,winter_food5,1
长期地面,2023-06-19 23:43,夏乏、,KU_upUQhYf1,冬季盛宴树,拐杖糖,winter_food3,1
长期地面,2023-06-19 23:43,夏乏、,KU_upUQhYf1,冬季盛宴树,拐杖糖,winter_food3,1
长期地面,2023-06-19 23:43,夏乏、,KU_upUQhYf1,冬季盛宴树,拐杖糖,winter_food3,1
长期地面,2023-06-19 23:43,夏乏、,KU_upUQhYf1,冬季盛宴树,拐杖糖,winter_food3,1
长期地面,2023-06-19 23:43,夏乏、,KU_upUQhYf1,冬季盛宴树,拐杖糖,winter_food3,1
长期地面,2023-06-19 23:43,夏乏、,KU_upUQhYf1,冬季盛宴树,拐杖糖,winter_food3,1
长期地面,2023-06-19 23:43,夏乏、,KU_upUQhYf1,冬季盛宴树,拐杖糖,winter_food3,1
长期地面,2023-06-19 23:43,夏乏、,KU_upUQhYf1,冬季盛宴树,拐杖糖,winter_food3,1
长期地面,2023-06-19 23:43,夏乏、,KU_upUQhYf1,冬季盛宴树,拐杖糖,winter_food3,1
长期地面,2023-06-19 23:44,夏乏、,KU_upUQhYf1,冬季盛宴树,拐杖糖,winter_food3,1
长期地面,2023-06-19 23:44,夏乏、,KU_upUQhYf1,冬季盛宴树,拐杖糖,winter_food3,1
长期地面,2023-06-19 23:44,夏乏、,KU_upUQhYf1,冬季盛宴树,拐杖糖,winter_food3,1
长期地面,2023-06-19 23:44,夏乏、,KU_upUQhYf1,冬季盛宴树,拐杖糖,winter_food3,1
长期地面,2023-06-19 23:44,夏乏、,KU_upUQhYf1,冬季盛宴树,拐杖糖,winter_food3,1
长期地面,2023-06-19 23:44,夏乏、,KU_upUQhYf1,冬季盛宴树,拐杖糖,winter_food3,1
长期地面,2023-06-19 23:44,夏乏、,KU_upUQhYf1,冬季盛宴树,拐杖糖,winter_food3,1
长期地面,2023-06-19 23:44,夏乏、,KU_upUQhYf1,冬季盛宴树,小姜饼,winter_food1,1
长期地面,2023-06-19 23:44,夏乏、,KU_upUQhYf1,冬季盛宴树,小姜饼,winter_food1,1
长期地面,2023-06-19 23:44,夏乏、,KU_upUQhYf1,冬季盛宴树,小姜饼,winter_food1,1
长期地面,2023-06-19 23:44,夏乏、,KU_upUQhYf1,冬季盛宴树,小姜饼,winter_food1,1
长期地面,2023-06-19 23:44,夏乏、,KU_upUQhYf1,冬季盛宴树,小姜饼,winter_food1,1
长期地面,2023-06-19 23:44,夏乏、,KU_upUQhYf1,冬季盛宴树,小姜饼,winter_food1,1
长期地面,2023-06-19 23:44,夏乏、,KU_upUQhYf1,冬季盛宴树,小姜饼,winter_food1,1
长期地面,2023-06-19 23:44,夏乏、,KU_upUQhYf1,冬季盛宴树,小姜饼,winter_food1,1
长期地面,2023-06-19 23:44,夏乏、,KU_upUQhYf1,冬季盛宴树,小姜饼,winter_food1,1
长期地面,2023-06-19 23:44,夏乏、,KU_upUQhYf1,冬季盛宴树,小姜饼,winter_food1,1
长期地面,2023-06-19 23:44,夏乏、,KU_upUQhYf1,冬季盛宴树,小姜饼,winter_food1,1
长期地面,2023-06-19 23:44,夏乏、,KU_upUQhYf1,冬季盛宴树,小姜饼,winter_food1,1
长期地面,2023-06-19 23:44,夏乏、,KU_upUQhYf1,冬季盛宴树,小姜饼,winter_food1,1
长期地面,2023-06-19 23:44,夏乏、,KU_upUQhYf1,冬季盛宴树,小姜饼,winter_food1,1
长期地面,2023-06-19 23:44,夏乏、,KU_upUQhYf1,冬季盛宴树,小姜饼,winter_food1,1
长期地面,2023-06-19 23:44,夏乏、,KU_upUQhYf1,冬季盛宴树,小姜饼,winter_food1,1
长期地面,2023-06-19 23:44,夏乏、,KU_upUQhYf1,冬季盛宴树,小姜饼,winter_food1,1
长期地面,2023-06-19 23:44,夏乏、,KU_upUQhYf1,冬季盛宴树,小姜饼,winter_food1,1
长期地面,2023-06-19 23:44,夏乏、,KU_upUQhYf1,冬季盛宴树,小姜饼,winter_food1,1
长期地面,2023-06-19 23:44,夏乏、,KU_upUQhYf1,冬季盛宴树,小姜饼,winter_food1,1
长期地面,2023-06-19 23:44,夏乏、,KU_upUQhYf1,冬季盛宴树,小姜饼,winter_food1,1
长期地面,2023-06-19 23:44,夏乏、,KU_upUQhYf1,冬季盛宴树,小姜饼,winter_food1,1
长期地面,2023-06-19 23:44,夏乏、,KU_upUQhYf1,冬季盛宴树,小姜饼,winter_food1,1
长期地面,2023-06-19 23:44,夏乏、,KU_upUQhYf1,冬季盛宴树,小姜饼,winter_food1,1
长期地面,2023-06-19 23:44,夏乏、,KU_upUQhYf1,冬季盛宴树,小姜饼,winter_food1,1
长期地面,2023-06-19 23:44,夏乏、,KU_upUQhYf1,冬季盛宴树,小姜饼,winter_food1,1
长期地面,2023-06-19 23:44,夏乏、,KU_upUQhYf1,冬季盛宴树,小姜饼,winter_food1,1
长期地面,2023-06-19 23:44,夏乏、,KU_upUQhYf1,冬季盛宴树,永远的水果蛋糕,winter_food4,1
长期地面,2023-06-19 23:44,夏乏、,KU_upUQhYf1,冬季盛宴树,永远的水果蛋糕,winter_food4,1
长期地面,2023-06-19 23:44,夏乏、,KU_upUQhYf1,冬季盛宴树,永远的水果蛋糕,winter_food4,1
长期地面,2023-06-19 23:44,夏乏、,KU_upUQhYf1,冬季盛宴树,永远的水果蛋糕,winter_food4,1
长期地面,2023-06-19 23:44,夏乏、,KU_upUQhYf1,冬季盛宴树,永远的水果蛋糕,winter_food4,1
长期地面,2023-06-19 23:45,夏乏、,KU_upUQhYf1,冬季盛宴树,拐杖糖,winter_food3,1
长期地面,2023-06-19 23:45,夏乏、,KU_upUQhYf1,冬季盛宴树,拐杖糖,winter_food3,1
长期地面,2023-06-19 23:45,夏乏、,KU_upUQhYf1,冬季盛宴树,糖曲奇饼,winter_food2,1
长期地面,2023-06-19 23:45,夏乏、,KU_upUQhYf1,冬季盛宴树,巧克力原木蛋糕,winter_food5,1
长期地面,2023-06-19 23:45,夏乏、,KU_upUQhYf1,冬季盛宴树,巧克力原木蛋糕,winter_food5,1
长期地面,2023-06-19 23:45,夏乏、,KU_upUQhYf1,冬季盛宴树,巧克力原木蛋糕,winter_food5,1
长期地面,2023-06-19 23:45,夏乏、,KU_upUQhYf1,冬季盛宴树,巧克力原木蛋糕,winter_food5,1
长期地面,2023-06-19 23:45,夏乏、,KU_upUQhYf1,冬季盛宴树,永远的水果蛋糕,winter_food4,1
长期地面,2023-06-19 23:50,Super Fig,KU_HCp1liQH,箱子,硝石,nitre,19
长期地面,2023-06-19 23:50,Super Fig,KU_HCp1liQH,箱子,硝石,nitre,19
长期地面,2023-06-19 23:56,夏乏、,KU_upUQhYf1,冬季盛宴树,永远的水果蛋糕,winter_food4,1
长期地面,2023-06-19 23:56,夏乏、,KU_upUQhYf1,冬季盛宴树,永远的水果蛋糕,winter_food4,1
长期地面,2023-06-19 23:56,夏乏、,KU_upUQhYf1,冬季盛宴树,永远的水果蛋糕,winter_food4,1
长期地面,2023-06-19 23:56,夏乏、,KU_upUQhYf1,冬季盛宴树,永远的水果蛋糕,winter_food4,1
长期地面,2023-06-19 23:56,夏乏、,KU_upUQhYf1,冬季盛宴树,拐杖糖,winter_food3,1
长期地面,2023-06-19 23:56,夏乏、,KU_upUQhYf1,冬季盛宴树,拐杖糖,winter_food3,1
长期地面,2023-06-19 23:56,夏乏、,KU_upUQhYf1,冬季盛宴树,拐杖糖,winter_food3,1
长期地面,2023-06-19 23:56,夏乏、,KU_upUQhYf1,冬季盛宴树,巧克力原木蛋糕,winter_food5,1
长期地洞,2023-06-19 01:57,a1314,KU_cuIT1e8U,箱子,亮茄粉碎者,pickaxe_lunarplant,-1
长期地洞,2023-06-19 01:57,a1314,KU_cuIT1e8U,箱子,亮茄粉碎者,pickaxe_lunarplant,1
长期地洞,2023-06-19 12:12,a1314,KU_cuIT1e8U,箱子,化石碎片,fossil_piece,1
长期地洞,2023-06-19 12:12,a1314,KU_cuIT1e8U,箱子,化石碎片,fossil_piece,-1
长期地洞,2023-06-19 14:44,红浪漫VIP一位,KU_bkBUBd5Q,箱子,暖石,heatrock,-1
长期地洞,2023-06-19 14:44,红浪漫VIP一位,KU_bkBUBd5Q,龙鳞宝箱,暖石,heatrock,1
长期地洞,2023-06-19 14:45,红浪漫VIP一位,KU_bkBUBd5Q,龙鳞宝箱,暖石,heatrock,-1
长期地洞,2023-06-19 15:18,大米花,KU_XjTVYtQ0,箱子,铥矿碎片,thulecite_pieces,1
长期地洞,2023-06-19 15:18,大米花,KU_XjTVYtQ0,箱子,紫宝石,purplegem,1
长期地洞,2023-06-19 15:19,大米花,KU_XjTVYtQ0,箱子,铥矿碎片,thulecite_pieces,-1
长期地洞,2023-06-19 15:19,大米花,KU_XjTVYtQ0,箱子,紫宝石,purplegem,-1
长期地洞,2023-06-19 15:27,栗子,KU_qE7e81tw,龙鳞宝箱,铥矿,thulecite,15
长期地洞,2023-06-19 15:27,栗子,KU_qE7e81tw,龙鳞宝箱,铥矿,thulecite,15
长期地洞,2023-06-19 15:27,栗子,KU_qE7e81tw,龙鳞宝箱,独眼巨鹿眼球,deerclops_eyeball,5
长期地洞,2023-06-19 15:27,栗子,KU_qE7e81tw,龙鳞宝箱,独眼巨鹿眼球,deerclops_eyeball,5
长期地洞,2023-06-19 15:30,栗子,KU_qE7e81tw,龙鳞宝箱,独眼巨鹿眼球,deerclops_eyeball,-5
长期地洞,2023-06-19 15:30,栗子,KU_qE7e81tw,龙鳞宝箱,独眼巨鹿眼球,deerclops_eyeball,-10
长期地洞,2023-06-19 15:30,栗子,KU_qE7e81tw,龙鳞宝箱,铥矿,thulecite,-15
长期地洞,2023-06-19 15:30,栗子,KU_qE7e81tw,龙鳞宝箱,铥矿,thulecite,-20
长期地洞,2023-06-19 15:31,栗子,KU_qE7e81tw,龙鳞宝箱,铥矿,thulecite,20
长期地洞,2023-06-19 15:31,栗子,KU_qE7e81tw,龙鳞宝箱,铥矿,thulecite,20
长期地洞,2023-06-19 15:31,栗子,KU_qE7e81tw,龙鳞宝箱,铥矿,thulecite,20
长期地洞,2023-06-19 15:31,栗子,KU_qE7e81tw,龙鳞宝箱,铥矿,thulecite,15
长期地洞,2023-06-19 15:31,栗子,KU_qE7e81tw,龙鳞宝箱,铥矿,thulecite,15
长期地洞,2023-06-19 15:31,栗子,KU_qE7e81tw,龙鳞宝箱,铥矿,thulecite,-1
长期地洞,2023-06-19 15:31,栗子,KU_qE7e81tw,龙鳞宝箱,铥矿,thulecite,15
长期地洞,2023-06-19 15:31,栗子,KU_qE7e81tw,龙鳞宝箱,铥矿,thulecite,-1
长期地洞,2023-06-19 15:31,栗子,KU_qE7e81tw,龙鳞宝箱,铥矿,thulecite,-1
长期地洞,2023-06-19 15:31,栗子,KU_qE7e81tw,龙鳞宝箱,铥矿,thulecite,-1
长期地洞,2023-06-19 15:33,栗子,KU_qE7e81tw,龙鳞宝箱,铥矿,thulecite,20
长期地洞,2023-06-19 15:33,栗子,KU_qE7e81tw,龙鳞宝箱,铥矿,thulecite,20
长期地洞,2023-06-19 15:33,栗子,KU_qE7e81tw,龙鳞宝箱,铥矿,thulecite,20
长期地洞,2023-06-19 15:34,栗子,KU_qE7e81tw,龙鳞宝箱,铥矿,thulecite,-1
长期地洞,2023-06-19 15:34,栗子,KU_qE7e81tw,龙鳞宝箱,铥矿,thulecite,-1
长期地洞,2023-06-19 15:34,栗子,KU_qE7e81tw,龙鳞宝箱,铥矿,thulecite,-1
长期地洞,2023-06-19 15:34,栗子,KU_qE7e81tw,龙鳞宝箱,铥矿,thulecite,-1
长期地洞,2023-06-19 15:34,栗子,KU_qE7e81tw,龙鳞宝箱,铥矿,thulecite,-1
长期地洞,2023-06-19 15:35,栗子,KU_qE7e81tw,龙鳞宝箱,独眼巨鹿眼球,deerclops_eyeball,10
长期地洞,2023-06-19 15:35,栗子,KU_qE7e81tw,龙鳞宝箱,独眼巨鹿眼球,deerclops_eyeball,4
长期地洞,2023-06-19 15:35,栗子,KU_qE7e81tw,龙鳞宝箱,独眼巨鹿眼球,deerclops_eyeball,4
长期地洞,2023-06-19 15:39,栗子,KU_qE7e81tw,龙鳞宝箱,独眼巨鹿眼球,deerclops_eyeball,-4
长期地洞,2023-06-19 15:39,栗子,KU_qE7e81tw,龙鳞宝箱,独眼巨鹿眼球,deerclops_eyeball,-10
长期地洞,2023-06-19 15:39,栗子,KU_qE7e81tw,龙鳞宝箱,独眼巨鹿眼球,deerclops_eyeball,-10
长期地洞,2023-06-19 15:48,yolo,KU_8TaJu_8F,龙鳞宝箱,树枝,twigs,-12
长期地洞,2023-06-19 15:48,yolo,KU_8TaJu_8F,龙鳞宝箱,树枝,twigs,12
长期地洞,2023-06-19 15:49,yolo,KU_8TaJu_8F,箱子,溯源表,pocketwatch_recall,-1
长期地洞,2023-06-19 15:49,yolo,KU_8TaJu_8F,箱子,溯源表,pocketwatch_recall,1
长期地洞,2023-06-19 16:01,yolo,KU_8TaJu_8F,箱子,硝石,nitre,-1
长期地洞,2023-06-19 16:01,yolo,KU_8TaJu_8F,箱子,硝石,nitre,1
长期地洞,2023-06-19 16:01,yolo,KU_8TaJu_8F,箱子,紫宝石,purplegem,-1
长期地洞,2023-06-19 16:01,yolo,KU_8TaJu_8F,箱子,溯源表,pocketwatch_recall,-1
长期地洞,2023-06-19 16:01,yolo,KU_8TaJu_8F,箱子,裂缝表,pocketwatch_portal,1
长期地洞,2023-06-19 16:02,yolo,KU_8TaJu_8F,龙鳞宝箱,蓝宝石,bluegem,-2
长期地洞,2023-06-19 16:02,yolo,KU_8TaJu_8F,龙鳞宝箱,蓝宝石,bluegem,2
长期地洞,2023-06-19 22:53,星澜,KU_tvX4yXh_,箱子,眼睛炮塔,eyeturret_item,1
长期地洞,2023-06-19 22:53,星澜,KU_tvX4yXh_,箱子,眼睛炮塔,eyeturret_item,1
长期地洞,2023-06-19 22:53,星澜,KU_tvX4yXh_,箱子,眼睛炮塔,eyeturret_item,1
长期地洞,2023-06-19 22:53,星澜,KU_tvX4yXh_,箱子,眼睛炮塔,eyeturret_item,1
长期地洞,2023-06-19 22:53,星澜,KU_tvX4yXh_,箱子,眼睛炮塔,eyeturret_item,1
长期地洞,2023-06-19 22:53,星澜,KU_tvX4yXh_,箱子,眼睛炮塔,eyeturret_item,1
长期地洞,2023-06-19 22:53,星澜,KU_tvX4yXh_,箱子,眼睛炮塔,eyeturret_item,1
长期地洞,2023-06-19 22:53,星澜,KU_tvX4yXh_,箱子,眼睛炮塔,eyeturret_item,-1
长期地洞,2023-06-19 22:53,星澜,KU_tvX4yXh_,箱子,眼睛炮塔,eyeturret_item,-1
长期地洞,2023-06-19 22:53,星澜,KU_tvX4yXh_,箱子,眼睛炮塔,eyeturret_item,-1
长期地洞,2023-06-19 22:53,星澜,KU_tvX4yXh_,箱子,眼睛炮塔,eyeturret_item,-1
长期地洞,2023-06-19 22:53,星澜,KU_tvX4yXh_,箱子,眼睛炮塔,eyeturret_item,-1
长期地洞,2023-06-19 22:53,星澜,KU_tvX4yXh_,箱子,眼睛炮塔,eyeturret_item,-1
长期地洞,2023-06-19 22:53,星澜,KU_tvX4yXh_,箱子,眼睛炮塔,eyeturret_item,-1
长期地洞,2023-06-19 22:54,星澜,KU_tvX4yXh_,龙鳞宝箱,溯源表,pocketwatch_recall,-1
长期地洞,2023-06-19 22:59,星澜,KU_tvX4yXh_,箱子,裂缝表,pocketwatch_portal,-1
长期地洞,2023-06-19 22:59,星澜,KU_tvX4yXh_,箱子,溯源表,pocketwatch_recall,1
长期地洞,2023-06-19 23:06,星澜,KU_tvX4yXh_,龙鳞宝箱,溯源表,pocketwatch_recall,1
和平世界,2023-06-19 15:07,颂恩,KU_H2AfRqiQ,冰箱,暖石,heatrock,1
和平世界,2023-06-19 15:15,颂恩,KU_H2AfRqiQ,箱子,蜂巢,honeycomb,-1
和平世界,2023-06-19 15:18,Brokas,KU_J9MSP1e_,箱子,蜂王冠,hivehat,1
和平世界,2023-06-19 15:20,Brokas,KU_J9MSP1e_,箱子,蓝图,blueprint,1
和平世界,2023-06-19 15:20,Brokas,KU_J9MSP1e_,箱子,{item}草图,sketch,1
和平世界,2023-06-19 15:20,Brokas,KU_J9MSP1e_,箱子,蜂巢,honeycomb,1
和平世界,2023-06-19 22:28,Ns,KU_3xJ72NY-,冰箱,暖石,heatrock,1
和平世界,2023-06-19 22:29,Ns,KU_3xJ72NY-,冰箱,暖石,heatrock,-1
深渊探险,2023-06-19 01:41,a1314,KU_cuIT1e8U,箱子,亮茄粉碎者,pickaxe_lunarplant,-1
深渊探险,2023-06-19 01:42,a1314,KU_cuIT1e8U,箱子,亮茄粉碎者,pickaxe_lunarplant,1
深渊探险,2023-06-19 12:18,a1314,KU_cuIT1e8U,箱子,化石碎片,fossil_piece,8
深渊探险,2023-06-19 15:24,红浪漫VIP一位,KU_bkBUBd5Q,箱子,化石碎片,fossil_piece,-8
深渊探险,2023-06-19 15:37,nf,KU_zpnid8Dp,箱子,亮茄粉碎者,pickaxe_lunarplant,-1
深渊探险,2023-06-19 15:37,nf,KU_zpnid8Dp,箱子,亮茄粉碎者,pickaxe_lunarplant,1
深渊探险,2023-06-19 15:37,nf,KU_zpnid8Dp,箱子,亮茄粉碎者,pickaxe_lunarplant,-1
深渊探险,2023-06-19 15:38,nf,KU_zpnid8Dp,箱子,亮茄粉碎者,pickaxe_lunarplant,1
冒险世界,2023-06-19 01:35,a1314,KU_cuIT1e8U,箱子,暗影香炉,thurible,1
冒险世界,2023-06-19 01:35,a1314,KU_cuIT1e8U,箱子,骨头头盔,skeletonhat,1
冒险世界,2023-06-19 01:35,a1314,KU_cuIT1e8U,箱子,绝望石头盔,dreadstonehat,1
冒险世界,2023-06-19 01:35,a1314,KU_cuIT1e8U,箱子,溯源表,pocketwatch_recall,-1
冒险世界,2023-06-19 01:35,a1314,KU_cuIT1e8U,箱子,溯源表,pocketwatch_recall,1
冒险世界,2023-06-19 01:35,a1314,KU_cuIT1e8U,箱子,暗影香炉,thurible,-1
冒险世界,2023-06-19 01:35,a1314,KU_cuIT1e8U,箱子,骨头头盔,skeletonhat,-1
冒险世界,2023-06-19 01:35,a1314,KU_cuIT1e8U,箱子,绝望石头盔,dreadstonehat,-1
冒险世界,2023-06-19 02:24,a1314,KU_cuIT1e8U,箱子,锤子,hammer,-1
冒险世界,2023-06-19 02:25,a1314,KU_cuIT1e8U,箱子,锤子,hammer,1
冒险世界,2023-06-19 03:24,a1314,KU_cuIT1e8U,箱子,锤子,hammer,-1
冒险世界,2023-06-19 12:02,a1314,KU_cuIT1e8U,箱子,暗影心房,shadowheart,1
冒险世界,2023-06-19 12:02,a1314,KU_cuIT1e8U,箱子,暗影心房,shadowheart,1
冒险世界,2023-06-19 12:21,a1314,KU_cuIT1e8U,箱子,亮茄粉碎者,pickaxe_lunarplant,1
冒险世界,2023-06-19 12:21,a1314,KU_cuIT1e8U,箱子,暗影心房,shadowheart,-1
冒险世界,2023-06-19 12:21,a1314,KU_cuIT1e8U,箱子,暗影心房,shadowheart,-1
冒险世界,2023-06-19 13:15,幻滅,KU_P2T7Pk5O,箱子,黄金铲子,goldenshovel,1
冒险世界,2023-06-19 13:56,a1314,KU_cuIT1e8U,箱子,亮茄粉碎者,pickaxe_lunarplant,-1
冒险世界,2023-06-19 13:56,a1314,KU_cuIT1e8U,箱子,亮茄粉碎者,pickaxe_lunarplant,1
冒险世界,2023-06-19 15:39,nf,KU_zpnid8Dp,箱子,亮茄粉碎者,pickaxe_lunarplant,-1
冒险世界,2023-06-19 15:40,nf,KU_zpnid8Dp,箱子,亮茄粉碎者,pickaxe_lunarplant,1
冒险世界,2023-06-19 18:07,Mn.DAyer,KU_CdncAZp4,箱子,亮茄粉碎者,pickaxe_lunarplant,1
冒险世界,2023-06-19 18:07,Mn.DAyer,KU_CdncAZp4,箱子,亮茄粉碎者,pickaxe_lunarplant,-1
冒险世界,2023-06-19 18:07,Mn.DAyer,KU_CdncAZp4,箱子,亮茄粉碎者,pickaxe_lunarplant,-1
冒险世界,2023-06-19 18:07,Mn.DAyer,KU_CdncAZp4,箱子,亮茄粉碎者,pickaxe_lunarplant,1
冒险世界,2023-06-19 18:07,Mn.DAyer,KU_CdncAZp4,箱子,亮茄粉碎者,pickaxe_lunarplant,-1
冒险世界,2023-06-19 18:07,Mn.DAyer,KU_CdncAZp4,箱子,亮茄粉碎者,pickaxe_lunarplant,1
冒险世界,2023-06-19 19:58,Mn.DAyer,KU_CdncAZp4,箱子,亮茄粉碎者,pickaxe_lunarplant,-1
冒险世界,2023-06-19 19:59,Mn.DAyer,KU_CdncAZp4,箱子,亮茄粉碎者,pickaxe_lunarplant,1
冒险世界,2023-06-19 23:00,头头,KU_AmxQ_Oen,箱子,木板,boards,10
冒险世界,2023-06-19 23:04,Super Fig,KU_HCp1liQH,箱子,亮茄粉碎者,pickaxe_lunarplant,-1
冒险世界,2023-06-19 23:04,Super Fig,KU_HCp1liQH,箱子,亮茄粉碎者,pickaxe_lunarplant,1
冒险世界,2023-06-19 23:08,Super Fig,KU_HCp1liQH,箱子,齿轮,gears,5
冒险世界,2023-06-19 23:08,Super Fig,KU_HCp1liQH,箱子,铥矿碎片,thulecite_pieces,14
冒险世界,2023-06-19 23:08,Super Fig,KU_HCp1liQH,箱子,铥矿,thulecite,14
冒险世界,2023-06-19 23:12,Super Fig,KU_HCp1liQH,箱子,铥矿,thulecite,-14
冒险世界,2023-06-19 23:12,Super Fig,KU_HCp1liQH,箱子,铥矿,thulecite,5
冒险世界,2023-06-19 23:12,Super Fig,KU_HCp1liQH,箱子,铥矿碎片,thulecite_pieces,-14
冒险世界,2023-06-19 23:12,Super Fig,KU_HCp1liQH,箱子,铥矿碎片,thulecite_pieces,8
冒险世界,2023-06-19 23:12,Super Fig,KU_HCp1liQH,箱子,齿轮,gears,-5
冒险世界,2023-06-19 23:13,Super Fig,KU_HCp1liQH,箱子,铥矿,thulecite,-5
冒险世界,2023-06-19 23:13,Super Fig,KU_HCp1liQH,箱子,铥矿碎片,thulecite_pieces,-8
冒险世界,2023-06-19 23:15,头头,KU_AmxQ_Oen,箱子,木门,fence_gate_item,2
冒险世界,2023-06-19 23:15,头头,KU_AmxQ_Oen,箱子,木门,fence_gate_item,-2
冒险世界,2023-06-19 23:18,头头,KU_AmxQ_Oen,箱子,石头,rocks,2
冒险世界,2023-06-19 23:24,头头,KU_AmxQ_Oen,箱子,石头,rocks,-2
冒险世界,2023-06-19 23:24,头头,KU_AmxQ_Oen,箱子,石头,rocks,2
冒险世界,2023-06-19 23:24,头头,KU_AmxQ_Oen,箱子,木板,boards,-8
迷你家园,2023-06-19 01:18,a1314,KU_cuIT1e8U,a1314的冰箱,叶肉,plantmeat,16
迷你家园,2023-06-19 01:18,a1314,KU_cuIT1e8U,a1314的冰箱,腐烂物,spoiled_food,-5
迷你家园,2023-06-19 01:18,a1314,KU_cuIT1e8U,a1314的箱子,腐烂物,spoiled_food,5
迷你家园,2023-06-19 01:31,a1314,KU_cuIT1e8U,a1314的箱子,溯源表,pocketwatch_recall,-1
迷你家园,2023-06-19 01:31,a1314,KU_cuIT1e8U,a1314的箱子,溯源表,pocketwatch_recall,-1
迷你家园,2023-06-19 01:31,a1314,KU_cuIT1e8U,a1314的箱子,溯源表,pocketwatch_recall,-1
迷你家园,2023-06-19 02:03,星澜,KU_tvX4yXh_,星澜的龙鳞宝箱,暖石,heatrock,-1
迷你家园,2023-06-19 02:04,星澜,KU_tvX4yXh_,星澜的盐盒,肉,meat,12
迷你家园,2023-06-19 02:06,a1314,KU_cuIT1e8U,a1314的箱子,溯源表,pocketwatch_recall,1
迷你家园,2023-06-19 02:06,a1314,KU_cuIT1e8U,a1314的箱子,溯源表,pocketwatch_recall,1
迷你家园,2023-06-19 02:06,a1314,KU_cuIT1e8U,a1314的箱子,溯源表,pocketwatch_recall,1
迷你家园,2023-06-19 02:06,a1314,KU_cuIT1e8U,a1314的冰箱,腐烂鸟蛋,rottenegg,-40
迷你家园,2023-06-19 02:06,a1314,KU_cuIT1e8U,a1314的冰箱,腐烂鸟蛋,rottenegg,-40
迷你家园,2023-06-19 02:06,a1314,KU_cuIT1e8U,a1314的冰箱,腐烂鸟蛋,rottenegg,-40
迷你家园,2023-06-19 02:06,a1314,KU_cuIT1e8U,a1314的冰箱,腐烂鸟蛋,rottenegg,-40
迷你家园,2023-06-19 02:06,a1314,KU_cuIT1e8U,a1314的冰箱,腐烂鸟蛋,rottenegg,-40
迷你家园,2023-06-19 02:06,a1314,KU_cuIT1e8U,a1314的冰箱,腐烂鸟蛋,rottenegg,-6
迷你家园,2023-06-19 02:12,a1314,KU_cuIT1e8U,a1314的箱子,腐烂物,spoiled_food,-5
迷你家园,2023-06-19 02:12,a1314,KU_cuIT1e8U,a1314的箱子,齿轮,gears,-6
迷你家园,2023-06-19 02:39,星澜,KU_tvX4yXh_,星澜的盐盒,肉,meat,-11
迷你家园,2023-06-19 02:39,星澜,KU_tvX4yXh_,星澜的盐盒,肉,meat,10
迷你家园,2023-06-19 02:39,星澜,KU_tvX4yXh_,星澜的盐盒,肉,meat,-10
迷你家园,2023-06-19 02:39,星澜,KU_tvX4yXh_,星澜的盐盒,肉,meat,9
迷你家园,2023-06-19 02:39,星澜,KU_tvX4yXh_,星澜的盐盒,肉,meat,-9
迷你家园,2023-06-19 02:39,星澜,KU_tvX4yXh_,星澜的盐盒,肉,meat,8
迷你家园,2023-06-19 02:39,星澜,KU_tvX4yXh_,星澜的盐盒,肉,meat,-8
迷你家园,2023-06-19 02:39,星澜,KU_tvX4yXh_,星澜的盐盒,肉,meat,7
迷你家园,2023-06-19 02:39,星澜,KU_tvX4yXh_,星澜的盐盒,肉,meat,-7
迷你家园,2023-06-19 02:39,星澜,KU_tvX4yXh_,星澜的盐盒,肉,meat,6
迷你家园,2023-06-19 02:39,星澜,KU_tvX4yXh_,星澜的盐盒,肉,meat,-6
迷你家园,2023-06-19 02:39,星澜,KU_tvX4yXh_,星澜的盐盒,肉,meat,5
迷你家园,2023-06-19 02:39,星澜,KU_tvX4yXh_,星澜的盐盒,肉,meat,-5
迷你家园,2023-06-19 02:39,星澜,KU_tvX4yXh_,星澜的盐盒,肉,meat,4
迷你家园,2023-06-19 02:39,星澜,KU_tvX4yXh_,星澜的盐盒,肉,meat,-4
迷你家园,2023-06-19 02:39,星澜,KU_tvX4yXh_,星澜的盐盒,肉,meat,3
迷你家园,2023-06-19 02:41,星澜,KU_tvX4yXh_,星澜的盐盒,肉,meat,3
迷你家园,2023-06-19 02:41,星澜,KU_tvX4yXh_,星澜的龙鳞宝箱,暖石,heatrock,1
迷你家园,2023-06-19 02:41,星澜,KU_tvX4yXh_,星澜的龙鳞宝箱,暖石,heatrock,-1
迷你家园,2023-06-19 03:18,星澜,KU_tvX4yXh_,星澜的龙鳞宝箱,暗影心房,shadowheart,-1
迷你家园,2023-06-19 03:23,星澜,KU_tvX4yXh_,星澜的龙鳞宝箱,暗影心房,shadowheart,1
迷你家园,2023-06-19 03:25,星澜,KU_tvX4yXh_,星澜的盐盒,肉,meat,-3
迷你家园,2023-06-19 03:25,星澜,KU_tvX4yXh_,星澜的盐盒,肉,meat,2
迷你家园,2023-06-19 03:25,星澜,KU_tvX4yXh_,星澜的盐盒,肉,meat,-2
迷你家园,2023-06-19 03:25,星澜,KU_tvX4yXh_,星澜的盐盒,肉,meat,1
迷你家园,2023-06-19 03:25,星澜,KU_tvX4yXh_,星澜的盐盒,肉,meat,-1
迷你家园,2023-06-19 03:26,星澜,KU_tvX4yXh_,星澜的盐盒,肉,meat,-20
迷你家园,2023-06-19 03:26,星澜,KU_tvX4yXh_,星澜的盐盒,肉,meat,19
迷你家园,2023-06-19 03:29,星澜,KU_tvX4yXh_,星澜的盐盒,肉,meat,2
迷你家园,2023-06-19 03:29,星澜,KU_tvX4yXh_,星澜的盐盒,肉,meat,-20
迷你家园,2023-06-19 03:36,星澜,KU_tvX4yXh_,星澜的龙鳞宝箱,快乐浆果酱,berrysauce,1
迷你家园,2023-06-19 03:36,星澜,KU_tvX4yXh_,星澜的龙鳞宝箱,节庆鱼料理,festivefish,1
迷你家园,2023-06-19 03:36,星澜,KU_tvX4yXh_,星澜的龙鳞宝箱,饕餮馅饼,tourtiere,1
迷你家园,2023-06-19 03:36,星澜,KU_tvX4yXh_,星澜的龙鳞宝箱,烤火鸡面包馅,stuffing,1
迷你家园,2023-06-19 03:36,星澜,KU_tvX4yXh_,星澜的龙鳞宝箱,托尼甜面包,panettone,1
迷你家园,2023-06-19 03:36,星澜,KU_tvX4yXh_,星澜的龙鳞宝箱,红薯焗饭,sweetpotato,1
迷你家园,2023-06-19 03:36,星澜,KU_tvX4yXh_,星澜的龙鳞宝箱,腌鲱鱼,pickledherring,1
迷你家园,2023-06-19 03:37,星澜,KU_tvX4yXh_,星澜的盐盒,肉,meat,-4
迷你家园,2023-06-19 03:37,星澜,KU_tvX4yXh_,星澜的盐盒,肉,meat,3
迷你家园,2023-06-19 03:37,星澜,KU_tvX4yXh_,星澜的盐盒,肉,meat,-3
迷你家园,2023-06-19 03:37,星澜,KU_tvX4yXh_,星澜的盐盒,肉,meat,2
迷你家园,2023-06-19 03:37,星澜,KU_tvX4yXh_,星澜的盐盒,肉,meat,-2
迷你家园,2023-06-19 03:37,星澜,KU_tvX4yXh_,星澜的盐盒,肉,meat,1
迷你家园,2023-06-19 03:37,星澜,KU_tvX4yXh_,星澜的盐盒,肉,meat,-1
迷你家园,2023-06-19 03:57,星澜,KU_tvX4yXh_,星澜的龙鳞宝箱,暖石,heatrock,1
迷你家园,2023-06-19 05:09,星澜,KU_tvX4yXh_,星澜的龙鳞宝箱,暗影心房,shadowheart,-1
迷你家园,2023-06-19 05:10,ダイイチルビー,KU_uZouBIl3,ダイイチルビー的箱子,亮茄魔杖,staff_lunarplant,1
迷你家园,2023-06-19 05:10,ダイイチルビー,KU_uZouBIl3,ダイイチルビー的箱子,亮茄魔杖,staff_lunarplant,1
迷你家园,2023-06-19 05:11,ダイイチルビー,KU_uZouBIl3,ダイイチルビー的箱子,石果,rock_avocado_fruit,-40
迷你家园,2023-06-19 05:11,ダイイチルビー,KU_uZouBIl3,ダイイチルビー的箱子,石果,rock_avocado_fruit,-40
迷你家园,2023-06-19 05:11,ダイイチルビー,KU_uZouBIl3,ダイイチルビー的箱子,石果,rock_avocado_fruit,-40
迷你家园,2023-06-19 05:11,ダイイチルビー,KU_uZouBIl3,ダイイチルビー的箱子,石果,rock_avocado_fruit,-40
迷你家园,2023-06-19 05:11,ダイイチルビー,KU_uZouBIl3,ダイイチルビー的箱子,石果,rock_avocado_fruit,-40
迷你家园,2023-06-19 05:11,ダイイチルビー,KU_uZouBIl3,ダイイチルビー的箱子,石果,rock_avocado_fruit,-40
迷你家园,2023-06-19 05:11,ダイイチルビー,KU_uZouBIl3,ダイイチルビー的箱子,石果,rock_avocado_fruit,-23
迷你家园,2023-06-19 05:12,ダイイチルビー,KU_uZouBIl3,ダイイチルビー的箱子,火药,gunpowder,-9
迷你家园,2023-06-19 05:12,ダイイチルビー,KU_uZouBIl3,ダイイチルビー的箱子,火药,gunpowder,1
迷你家园,2023-06-19 05:12,ダイイチルビー,KU_uZouBIl3,ダイイチルビー的箱子,火药,gunpowder,8
迷你家园,2023-06-19 05:12,ダイイチルビー,KU_uZouBIl3,ダイイチルビー的箱子,火药,gunpowder,-1
迷你家园,2023-06-19 05:12,ダイイチルビー,KU_uZouBIl3,ダイイチルビー的箱子,火炬,torch,-1
迷你家园,2023-06-19 05:13,ダイイチルビー,KU_uZouBIl3,ダイイチルビー的箱子,石头,rocks,16
迷你家园,2023-06-19 05:13,ダイイチルビー,KU_uZouBIl3,ダイイチルビー的箱子,石头,rocks,16
迷你家园,2023-06-19 05:13,ダイイチルビー,KU_uZouBIl3,ダイイチルビー的冰箱,成熟石果,rock_avocado_fruit_ripe,1
迷你家园,2023-06-19 05:13,ダイイチルビー,KU_uZouBIl3,ダイイチルビー的冰箱,成熟石果,rock_avocado_fruit_ripe,1
迷你家园,2023-06-19 05:13,ダイイチルビー,KU_uZouBIl3,ダイイチルビー的冰箱,成熟石果,rock_avocado_fruit_ripe,1
迷你家园,2023-06-19 05:13,ダイイチルビー,KU_uZouBIl3,ダイイチルビー的冰箱,成熟石果,rock_avocado_fruit_ripe,1
迷你家园,2023-06-19 05:13,ダイイチルビー,KU_uZouBIl3,ダイイチルビー的冰箱,成熟石果,rock_avocado_fruit_ripe,-1
迷你家园,2023-06-19 05:13,ダイイチルビー,KU_uZouBIl3,ダイイチルビー的箱子,火药,gunpowder,-8
迷你家园,2023-06-19 05:13,ダイイチルビー,KU_uZouBIl3,ダイイチルビー的箱子,火药,gunpowder,1
迷你家园,2023-06-19 05:13,ダイイチルビー,KU_uZouBIl3,ダイイチルビー的箱子,火药,gunpowder,7
迷你家园,2023-06-19 05:13,ダイイチルビー,KU_uZouBIl3,ダイイチルビー的箱子,火药,gunpowder,-1
迷你家园,2023-06-19 05:14,ダイイチルビー,KU_uZouBIl3,ダイイチルビー的箱子,石头,rocks,2
迷你家园,2023-06-19 05:14,ダイイチルビー,KU_uZouBIl3,ダイイチルビー的冰箱,成熟石果,rock_avocado_fruit_ripe,40
迷你家园,2023-06-19 05:18,星澜,KU_tvX4yXh_,星澜的龙鳞宝箱,暗影心房,shadowheart,-1
迷你家园,2023-06-19 05:19,星澜,KU_tvX4yXh_,星澜的龙鳞宝箱,暗影心房,shadowheart,1
迷你家园,2023-06-19 05:20,星澜,KU_tvX4yXh_,星澜的龙鳞宝箱,暗影心房,shadowheart,1
迷你家园,2023-06-19 05:20,星澜,KU_tvX4yXh_,星澜的龙鳞宝箱,溯源表,pocketwatch_recall,-1
迷你家园,2023-06-19 05:20,星澜,KU_tvX4yXh_,星澜的龙鳞宝箱,溯源表,pocketwatch_recall,-1
迷你家园,2023-06-19 05:20,星澜,KU_tvX4yXh_,星澜的龙鳞宝箱,溯源表,pocketwatch_recall,1
迷你家园,2023-06-19 05:24,星澜,KU_tvX4yXh_,星澜的龙鳞宝箱,溯源表,pocketwatch_recall,1
迷你家园,2023-06-19 05:58,星澜,KU_tvX4yXh_,星澜的盐盒,肉,meat,14
迷你家园,2023-06-19 05:58,星澜,KU_tvX4yXh_,星澜的冰箱,腐烂物,spoiled_food,-20
迷你家园,2023-06-19 05:58,星澜,KU_tvX4yXh_,星澜的冰箱,腐烂物,spoiled_food,-20
迷你家园,2023-06-19 05:58,星澜,KU_tvX4yXh_,星澜的冰箱,腐烂物,spoiled_food,-20
迷你家园,2023-06-19 05:58,星澜,KU_tvX4yXh_,星澜的冰箱,腐烂物,spoiled_food,-20
迷你家园,2023-06-19 05:58,星澜,KU_tvX4yXh_,星澜的冰箱,腐烂物,spoiled_food,-20
迷你家园,2023-06-19 05:58,星澜,KU_tvX4yXh_,星澜的冰箱,腐烂物,spoiled_food,-20
迷你家园,2023-06-19 05:58,星澜,KU_tvX4yXh_,星澜的冰箱,腐烂物,spoiled_food,-5
迷你家园,2023-06-19 06:00,星澜,KU_tvX4yXh_,星澜的盐盒,肉,meat,-14
迷你家园,2023-06-19 06:00,星澜,KU_tvX4yXh_,星澜的盐盒,肉,meat,13
迷你家园,2023-06-19 06:00,星澜,KU_tvX4yXh_,星澜的盐盒,肉,meat,-13
迷你家园,2023-06-19 06:00,星澜,KU_tvX4yXh_,星澜的盐盒,肉,meat,12
迷你家园,2023-06-19 06:00,星澜,KU_tvX4yXh_,星澜的盐盒,肉,meat,-12
迷你家园,2023-06-19 06:00,星澜,KU_tvX4yXh_,星澜的盐盒,肉,meat,11
迷你家园,2023-06-19 06:00,星澜,KU_tvX4yXh_,星澜的盐盒,肉,meat,-11
迷你家园,2023-06-19 06:00,星澜,KU_tvX4yXh_,星澜的盐盒,肉,meat,10
迷你家园,2023-06-19 06:18,星澜,KU_tvX4yXh_,星澜的盐盒,肉,meat,9
迷你家园,2023-06-19 06:18,星澜,KU_tvX4yXh_,星澜的盐盒,肉,meat,-10
迷你家园,2023-06-19 06:18,星澜,KU_tvX4yXh_,星澜的盐盒,肉,meat,-9
迷你家园,2023-06-19 06:18,星澜,KU_tvX4yXh_,星澜的盐盒,肉,meat,8
迷你家园,2023-06-19 06:18,星澜,KU_tvX4yXh_,星澜的盐盒,肉,meat,-8
迷你家园,2023-06-19 06:18,星澜,KU_tvX4yXh_,星澜的盐盒,肉,meat,7
迷你家园,2023-06-19 06:18,星澜,KU_tvX4yXh_,星澜的盐盒,肉,meat,-7
迷你家园,2023-06-19 06:18,星澜,KU_tvX4yXh_,星澜的盐盒,肉,meat,6
迷你家园,2023-06-19 06:18,星澜,KU_tvX4yXh_,星澜的盐盒,肉,meat,-6
迷你家园,2023-06-19 06:18,星澜,KU_tvX4yXh_,星澜的盐盒,肉,meat,5
迷你家园,2023-06-19 06:18,星澜,KU_tvX4yXh_,星澜的盐盒,肉,meat,-5
迷你家园,2023-06-19 06:18,星澜,KU_tvX4yXh_,星澜的盐盒,肉,meat,4
迷你家园,2023-06-19 06:18,星澜,KU_tvX4yXh_,星澜的盐盒,肉,meat,-4
迷你家园,2023-06-19 06:18,星澜,KU_tvX4yXh_,星澜的盐盒,肉,meat,3
迷你家园,2023-06-19 06:18,星澜,KU_tvX4yXh_,星澜的盐盒,肉,meat,-3
迷你家园,2023-06-19 06:18,星澜,KU_tvX4yXh_,星澜的盐盒,肉,meat,2
迷你家园,2023-06-19 11:54,a1314,KU_cuIT1e8U,a1314的箱子,溯源表,pocketwatch_recall,-1
迷你家园,2023-06-19 11:54,a1314,KU_cuIT1e8U,a1314的箱子,溯源表,pocketwatch_recall,-1
迷你家园,2023-06-19 11:54,a1314,KU_cuIT1e8U,a1314的箱子,溯源表,pocketwatch_recall,-1
迷你家园,2023-06-19 11:54,a1314,KU_cuIT1e8U,a1314的箱子,溯源表,pocketwatch_recall,-1
迷你家园,2023-06-19 12:33,a1314,KU_cuIT1e8U,a1314的箱子,溯源表,pocketwatch_recall,1
迷你家园,2023-06-19 12:33,a1314,KU_cuIT1e8U,a1314的箱子,溯源表,pocketwatch_recall,1
迷你家园,2023-06-19 12:33,a1314,KU_cuIT1e8U,a1314的箱子,溯源表,pocketwatch_recall,1
迷你家园,2023-06-19 12:33,a1314,KU_cuIT1e8U,a1314的箱子,溯源表,pocketwatch_recall,1
迷你家园,2023-06-19 14:20,小希,KU_1_XnbmU3,小希的箱子,战斗长矛,spear_wathgrithr,-1
迷你家园,2023-06-19 14:20,小希,KU_1_XnbmU3,小希的箱子,晨星锤,nightstick,-1
迷你家园,2023-06-19 14:20,小希,KU_1_XnbmU3,小希的箱子,蜘蛛帽,spiderhat,-1
迷你家园,2023-06-19 14:21,小希,KU_1_XnbmU3,小希的箱子,蜘蛛帽,spiderhat,1
迷你家园,2023-06-19 14:21,小希,KU_1_XnbmU3,小希的箱子,蜂王冠,hivehat,-1
迷你家园,2023-06-19 14:22,小希,KU_1_XnbmU3,小希的箱子,贝雷帽,walrushat,-1
迷你家园,2023-06-19 14:22,小希,KU_1_XnbmU3,小希的箱子,蜂王冠,hivehat,1
迷你家园,2023-06-19 14:22,小希,KU_1_XnbmU3,小希的箱子,铥矿棒,ruins_bat,-1
迷你家园,2023-06-19 14:22,小希,KU_1_XnbmU3,小希的箱子,战斗长矛,spear_wathgrithr,1
迷你家园,2023-06-19 14:23,颂恩,KU_H2AfRqiQ,颂恩的箱子,暖石,heatrock,-1
迷你家园,2023-06-19 14:29,Brokas,KU_J9MSP1e_,Brokas的龙鳞宝箱,超级强化电路,wx78module_maxhealth2,1
迷你家园,2023-06-19 14:31,颂恩,KU_H2AfRqiQ,颂恩的箱子,暖石,heatrock,1
迷你家园,2023-06-19 14:31,颂恩,KU_H2AfRqiQ,颂恩的箱子,暖石,heatrock,-1
迷你家园,2023-06-19 14:31,颂恩,KU_H2AfRqiQ,颂恩的箱子,暖石,heatrock,-1
迷你家园,2023-06-19 14:35,Brokas,KU_J9MSP1e_,颂恩的箱子,暖石,heatrock,1
迷你家园,2023-06-19 14:57,Mn.DAyer,KU_CdncAZp4,Mn.DAyer的龙鳞宝箱,暗影心房,shadowheart,1
迷你家园,2023-06-19 14:57,Mn.DAyer,KU_CdncAZp4,Mn.DAyer的龙鳞宝箱,暗影心房,shadowheart,1
迷你家园,2023-06-19 14:57,Mn.DAyer,KU_CdncAZp4,Mn.DAyer的龙鳞宝箱,暗影心房,shadowheart,1
迷你家园,2023-06-19 14:58,小希,KU_1_XnbmU3,小希的箱子,懒人魔杖,orangestaff,1
迷你家园,2023-06-19 14:58,小希,KU_1_XnbmU3,小希的箱子,铥矿棒,ruins_bat,1
迷你家园,2023-06-19 14:59,小希,KU_1_XnbmU3,小希的箱子,懒人魔杖,orangestaff,1
迷你家园,2023-06-19 14:59,小希,KU_1_XnbmU3,小希的箱子,战斗头盔,wathgrithrhat,1
迷你家园,2023-06-19 14:59,小希,KU_1_XnbmU3,小希的箱子,骨头盔甲,armorskeleton,1
迷你家园,2023-06-19 14:59,小希,KU_1_XnbmU3,小希的箱子,晨星锤,nightstick,1
迷你家园,2023-06-19 14:59,小希,KU_1_XnbmU3,小希的箱子,贝雷帽,walrushat,1
迷你家园,2023-06-19 14:59,小希,KU_1_XnbmU3,小希的箱子,暖石,heatrock,1
迷你家园,2023-06-19 14:59,小希,KU_1_XnbmU3,小希的箱子,燧石,flint,24
迷你家园,2023-06-19 15:05,小希,KU_1_XnbmU3,小希的箱子,筒状种子,asparagus_seeds,-17
迷你家园,2023-06-19 15:05,小希,KU_1_XnbmU3,小希的箱子,筒状种子,asparagus_seeds,-40
迷你家园,2023-06-19 15:06,小希,KU_1_XnbmU3,小希的箱子,块状种子,pepper_seeds,-40
迷你家园,2023-06-19 15:06,小希,KU_1_XnbmU3,小希的箱子,块状种子,pepper_seeds,-40
迷你家园,2023-06-19 15:07,小希,KU_1_XnbmU3,小希的箱子,毛茸茸的种子,potato_seeds,-40
迷你家园,2023-06-19 15:07,小希,KU_1_XnbmU3,小希的箱子,毛茸茸的种子,potato_seeds,-40
迷你家园,2023-06-19 15:07,小希,KU_1_XnbmU3,小希的箱子,毛茸茸的种子,potato_seeds,-30
迷你家园,2023-06-19 15:07,小希,KU_1_XnbmU3,小希的箱子,洋葱,onion,-40
迷你家园,2023-06-19 15:07,小希,KU_1_XnbmU3,小希的箱子,尖形种子,onion_seeds,-40
迷你家园,2023-06-19 15:07,小希,KU_1_XnbmU3,小希的箱子,尖形种子,onion_seeds,-40
迷你家园,2023-06-19 15:08,小希,KU_1_XnbmU3,小希的箱子,毛茸茸的种子,potato_seeds,40
迷你家园,2023-06-19 15:08,小希,KU_1_XnbmU3,小希的箱子,毛茸茸的种子,potato_seeds,40
迷你家园,2023-06-19 15:08,小希,KU_1_XnbmU3,小希的箱子,毛茸茸的种子,potato_seeds,30
迷你家园,2023-06-19 15:08,小希,KU_1_XnbmU3,小希的箱子,毛茸茸的种子,potato_seeds,-40
迷你家园,2023-06-19 15:08,小希,KU_1_XnbmU3,小希的箱子,毛茸茸的种子,potato_seeds,-40
迷你家园,2023-06-19 15:08,小希,KU_1_XnbmU3,小希的箱子,毛茸茸的种子,potato_seeds,-30
迷你家园,2023-06-19 15:08,小希,KU_1_XnbmU3,小希的箱子,尖形种子,onion_seeds,40
迷你家园,2023-06-19 15:08,小希,KU_1_XnbmU3,小希的箱子,尖形种子,onion_seeds,40
迷你家园,2023-06-19 15:08,小希,KU_1_XnbmU3,小希的箱子,洋葱,onion,40
迷你家园,2023-06-19 15:08,小希,KU_1_XnbmU3,小希的箱子,块状种子,pepper_seeds,40
迷你家园,2023-06-19 15:08,小希,KU_1_XnbmU3,小希的箱子,块状种子,pepper_seeds,40
迷你家园,2023-06-19 15:09,小希,KU_1_XnbmU3,小希的箱子,尖种子,pumpkin_seeds,-40
迷你家园,2023-06-19 15:09,小希,KU_1_XnbmU3,小希的箱子,尖种子,pumpkin_seeds,-13
迷你家园,2023-06-19 15:09,小希,KU_1_XnbmU3,小希的箱子,尖种子,pumpkin_seeds,-40
迷你家园,2023-06-19 15:10,小希,KU_1_XnbmU3,小希的箱子,粪肥,poop,-20
迷你家园,2023-06-19 15:10,小希,KU_1_XnbmU3,小希的箱子,粪肥,poop,-20
迷你家园,2023-06-19 15:10,小希,KU_1_XnbmU3,小希的箱子,粪肥,poop,-7
迷你家园,2023-06-19 15:11,小希,KU_1_XnbmU3,小希的箱子,火炬,torch,-1
迷你家园,2023-06-19 15:14,小希,KU_1_XnbmU3,小希的箱子,便便桶,fertilizer,-1
迷你家园,2023-06-19 15:14,小希,KU_1_XnbmU3,小希的箱子,便便桶,fertilizer,-1
迷你家园,2023-06-19 15:14,小希,KU_1_XnbmU3,小希的箱子,腐烂鸟蛋,rottenegg,-18
迷你家园,2023-06-19 15:14,小希,KU_1_XnbmU3,小希的箱子,腐烂鸟蛋,rottenegg,16
迷你家园,2023-06-19 15:14,小希,KU_1_XnbmU3,小希的箱子,腐烂物,spoiled_food,15
迷你家园,2023-06-19 15:15,小希,KU_1_XnbmU3,小希的箱子,石砖,cutstone,-4
迷你家园,2023-06-19 15:15,小希,KU_1_XnbmU3,小希的箱子,电子元件,transistor,-2
迷你家园,2023-06-19 15:15,小希,KU_1_XnbmU3,小希的箱子,木板,boards,-6
迷你家园,2023-06-19 15:16,小希,KU_1_XnbmU3,小希的箱子,独奏乐器,onemanband,-1
迷你家园,2023-06-19 15:17,小希,KU_1_XnbmU3,小希的箱子,暖石,heatrock,-1
迷你家园,2023-06-19 15:17,小希,KU_1_XnbmU3,小希的箱子,暖石,heatrock,1
迷你家园,2023-06-19 15:17,小希,KU_1_XnbmU3,小希的箱子,粪肥,poop,20
迷你家园,2023-06-19 15:17,小希,KU_1_XnbmU3,小希的箱子,粪肥,poop,13
迷你家园,2023-06-19 15:17,小希,KU_1_XnbmU3,小希的箱子,便便桶,fertilizer,1
迷你家园,2023-06-19 15:17,小希,KU_1_XnbmU3,小希的箱子,便便桶,fertilizer,1
迷你家园,2023-06-19 15:17,小希,KU_1_XnbmU3,小希的箱子,石砖,cutstone,2
迷你家园,2023-06-19 15:17,小希,KU_1_XnbmU3,小希的箱子,木板,boards,2
迷你家园,2023-06-19 15:22,小希,KU_1_XnbmU3,小希的箱子,筒状种子,asparagus_seeds,-40
迷你家园,2023-06-19 15:22,小希,KU_1_XnbmU3,小希的箱子,筒状种子,asparagus_seeds,-40
迷你家园,2023-06-19 15:22,小希,KU_1_XnbmU3,小希的箱子,筒状种子,asparagus_seeds,-40
迷你家园,2023-06-19 15:22,小希,KU_1_XnbmU3,小希的箱子,筒状种子,asparagus_seeds,-40
迷你家园,2023-06-19 15:24,小希,KU_1_XnbmU3,小希的箱子,礼物包装,giftwrap,-20
迷你家园,2023-06-19 15:24,小希,KU_1_XnbmU3,小希的箱子,礼物包装,giftwrap,-18
迷你家园,2023-06-19 15:24,小希,KU_1_XnbmU3,小希的箱子,礼物包装,giftwrap,-20
迷你家园,2023-06-19 15:24,小希,KU_1_XnbmU3,小希的箱子,礼物包装,giftwrap,-20
迷你家园,2023-06-19 15:25,小希,KU_1_XnbmU3,小希的箱子,礼物包装,giftwrap,20
迷你家园,2023-06-19 15:25,小希,KU_1_XnbmU3,小希的箱子,礼物包装,giftwrap,18
迷你家园,2023-06-19 15:25,小希,KU_1_XnbmU3,小希的箱子,麋鹿鹅羽毛,goose_feather,1
迷你家园,2023-06-19 15:25,小希,KU_1_XnbmU3,小希的箱子,礼物包装,giftwrap,18
迷你家园,2023-06-19 15:25,小希,KU_1_XnbmU3,小希的箱子,毛茸茸的种子,potato_seeds,40
迷你家园,2023-06-19 15:25,小希,KU_1_XnbmU3,小希的箱子,毛茸茸的种子,potato_seeds,11
迷你家园,2023-06-19 15:25,小希,KU_1_XnbmU3,小希的箱子,尖种子,pumpkin_seeds,33
迷你家园,2023-06-19 15:25,小希,KU_1_XnbmU3,小希的箱子,筒状种子,asparagus_seeds,40
迷你家园,2023-06-19 15:25,小希,KU_1_XnbmU3,小希的箱子,筒状种子,asparagus_seeds,40
迷你家园,2023-06-19 15:25,小希,KU_1_XnbmU3,小希的箱子,筒状种子,asparagus_seeds,40
迷你家园,2023-06-19 15:25,小希,KU_1_XnbmU3,小希的箱子,筒状种子,asparagus_seeds,22
迷你家园,2023-06-19 15:27,yolo,KU_8TaJu_8F,yolo的箱子,暗影碎布,voidcloth,11
迷你家园,2023-06-19 15:27,yolo,KU_8TaJu_8F,yolo的箱子,暗影碎布,voidcloth,-11
迷你家园,2023-06-19 15:27,yolo,KU_8TaJu_8F,yolo的箱子,暗影碎布,voidcloth,11
迷你家园,2023-06-19 15:27,yolo,KU_8TaJu_8F,yolo的箱子,暗影碎布,voidcloth,-11
迷你家园,2023-06-19 15:27,yolo,KU_8TaJu_8F,yolo的箱子,暗影碎布,voidcloth,11
迷你家园,2023-06-19 15:27,yolo,KU_8TaJu_8F,yolo的箱子,暗影碎布,voidcloth,-11
迷你家园,2023-06-19 15:27,yolo,KU_8TaJu_8F,yolo的箱子,暗影碎布,voidcloth,11
迷你家园,2023-06-19 15:27,yolo,KU_8TaJu_8F,yolo的箱子,暗影碎布,voidcloth,-11
迷你家园,2023-06-19 15:27,yolo,KU_8TaJu_8F,yolo的箱子,空瓶子,messagebottleempty,-18
迷你家园,2023-06-19 15:27,yolo,KU_8TaJu_8F,yolo的箱子,暗影碎布,voidcloth,11
迷你家园,2023-06-19 15:27,yolo,KU_8TaJu_8F,yolo的箱子,空瓶子,messagebottleempty,18
迷你家园,2023-06-19 15:27,yolo,KU_8TaJu_8F,yolo的箱子,空瓶子,messagebottleempty,-18
迷你家园,2023-06-19 15:27,yolo,KU_8TaJu_8F,yolo的箱子,暗影碎布,voidcloth,-11
迷你家园,2023-06-19 15:27,yolo,KU_8TaJu_8F,yolo的箱子,空瓶子,messagebottleempty,18
迷你家园,2023-06-19 15:27,yolo,KU_8TaJu_8F,yolo的箱子,暗影碎布,voidcloth,11
迷你家园,2023-06-19 15:27,yolo,KU_8TaJu_8F,yolo的箱子,暗影碎布,voidcloth,-11
迷你家园,2023-06-19 15:27,yolo,KU_8TaJu_8F,yolo的箱子,暗影碎布,voidcloth,11
迷你家园,2023-06-19 15:27,yolo,KU_8TaJu_8F,yolo的箱子,暗影碎布,voidcloth,-11
迷你家园,2023-06-19 15:27,yolo,KU_8TaJu_8F,yolo的箱子,齿轮,gears,-40
迷你家园,2023-06-19 15:27,yolo,KU_8TaJu_8F,yolo的箱子,暗影碎布,voidcloth,11
迷你家园,2023-06-19 15:27,小希,KU_1_XnbmU3,小希的箱子,陷阱,trap,-1
迷你家园,2023-06-19 15:28,yolo,KU_8TaJu_8F,yolo的箱子,木头,log,-7
迷你家园,2023-06-19 15:28,小希,KU_1_XnbmU3,小希的箱子,陷阱,trap,-1
迷你家园,2023-06-19 15:28,yolo,KU_8TaJu_8F,yolo的箱子,外壳碎片,slurtle_shellpieces,-6
迷你家园,2023-06-19 15:28,yolo,KU_8TaJu_8F,yolo的箱子,齿轮,gears,40
迷你家园,2023-06-19 15:28,yolo,KU_8TaJu_8F,yolo的箱子,齿轮,gears,-40
迷你家园,2023-06-19 15:28,yolo,KU_8TaJu_8F,yolo的箱子,纯粹恐惧,horrorfuel,-14
迷你家园,2023-06-19 15:28,yolo,KU_8TaJu_8F,yolo的箱子,齿轮,gears,40
迷你家园,2023-06-19 15:28,yolo,KU_8TaJu_8F,yolo的箱子,噩梦燃料,nightmarefuel,-40
迷你家园,2023-06-19 15:28,yolo,KU_8TaJu_8F,yolo的箱子,纯粹恐惧,horrorfuel,14
迷你家园,2023-06-19 15:28,yolo,KU_8TaJu_8F,yolo的箱子,噩梦燃料,nightmarefuel,40
迷你家园,2023-06-19 15:28,yolo,KU_8TaJu_8F,yolo的箱子,腐烂鸟蛋,rottenegg,-19
迷你家园,2023-06-19 15:28,yolo,KU_8TaJu_8F,yolo的箱子,腐烂鸟蛋,rottenegg,19
迷你家园,2023-06-19 15:28,yolo,KU_8TaJu_8F,yolo的箱子,牛毛,beefalowool,-40
迷你家园,2023-06-19 15:28,yolo,KU_8TaJu_8F,yolo的箱子,噩梦燃料,nightmarefuel,-40
迷你家园,2023-06-19 15:28,yolo,KU_8TaJu_8F,yolo的箱子,牛毛,beefalowool,40
迷你家园,2023-06-19 15:28,yolo,KU_8TaJu_8F,yolo的箱子,噩梦燃料,nightmarefuel,40
迷你家园,2023-06-19 15:28,yolo,KU_8TaJu_8F,yolo的箱子,暗影碎布,voidcloth,-11
迷你家园,2023-06-19 15:28,yolo,KU_8TaJu_8F,yolo的箱子,纯粹恐惧,horrorfuel,-14
迷你家园,2023-06-19 15:28,yolo,KU_8TaJu_8F,yolo的箱子,齿轮,gears,-40
迷你家园,2023-06-19 15:28,yolo,KU_8TaJu_8F,yolo的箱子,齿轮,gears,40
迷你家园,2023-06-19 15:28,yolo,KU_8TaJu_8F,yolo的箱子,树枝,twigs,-33
迷你家园,2023-06-19 15:28,yolo,KU_8TaJu_8F,yolo的箱子,树枝,twigs,16
迷你家园,2023-06-19 15:28,yolo,KU_8TaJu_8F,yolo的箱子,树枝,twigs,-16
迷你家园,2023-06-19 15:28,yolo,KU_8TaJu_8F,yolo的箱子,采下的芦苇,cutreeds,-29
迷你家园,2023-06-19 15:28,yolo,KU_8TaJu_8F,yolo的箱子,树枝,twigs,16
迷你家园,2023-06-19 15:28,yolo,KU_8TaJu_8F,yolo的箱子,采下的芦苇,cutreeds,29
迷你家园,2023-06-19 15:28,Mn.DAyer,KU_CdncAZp4,Mn.DAyer的龙鳞宝箱,暗影心房,shadowheart,-1
迷你家园,2023-06-19 15:28,Mn.DAyer,KU_CdncAZp4,Mn.DAyer的龙鳞宝箱,暗影心房,shadowheart,-1
迷你家园,2023-06-19 15:28,Mn.DAyer,KU_CdncAZp4,Mn.DAyer的龙鳞宝箱,暗影心房,shadowheart,-1
迷你家园,2023-06-19 15:29,Mn.DAyer,KU_CdncAZp4,Mn.DAyer的龙鳞宝箱,暗影心房,shadowheart,-1
迷你家园,2023-06-19 15:29,Mn.DAyer,KU_CdncAZp4,Mn.DAyer的龙鳞宝箱,暗影香炉,thurible,-1
迷你家园,2023-06-19 15:29,Mn.DAyer,KU_CdncAZp4,Mn.DAyer的箱子,溯源表,pocketwatch_recall,-1
迷你家园,2023-06-19 15:29,Mn.DAyer,KU_CdncAZp4,Mn.DAyer的箱子,溯源表,pocketwatch_recall,-1
迷你家园,2023-06-19 15:29,小希,KU_1_XnbmU3,小希的箱子,空浇水壶,wateringcan,-1
迷你家园,2023-06-19 15:30,Mn.DAyer,KU_CdncAZp4,Mn.DAyer的箱子,牛角,horn,1
迷你家园,2023-06-19 15:30,Mn.DAyer,KU_CdncAZp4,Mn.DAyer的箱子,牛角,horn,-1
迷你家园,2023-06-19 15:31,Brokas,KU_J9MSP1e_,Brokas的龙鳞宝箱,超级强化电路,wx78module_maxhealth2,-1
迷你家园,2023-06-19 15:31,Brokas,KU_J9MSP1e_,Brokas的龙鳞宝箱,超级处理器电路,wx78module_maxsanity,1
迷你家园,2023-06-19 15:31,Mn.DAyer,KU_CdncAZp4,Mn.DAyer的箱子,溯源表,pocketwatch_recall,-1
迷你家园,2023-06-19 15:31,Mn.DAyer,KU_CdncAZp4,Mn.DAyer的箱子,溯源表,pocketwatch_recall,-1
迷你家园,2023-06-19 15:31,Mn.DAyer,KU_CdncAZp4,Mn.DAyer的箱子,裂缝表,pocketwatch_portal,1
迷你家园,2023-06-19 15:31,Mn.DAyer,KU_CdncAZp4,Mn.DAyer的箱子,裂缝表,pocketwatch_portal,1
迷你家园,2023-06-19 15:31,Mn.DAyer,KU_CdncAZp4,Mn.DAyer的箱子,裂缝表,pocketwatch_portal,-1
迷你家园,2023-06-19 15:31,Mn.DAyer,KU_CdncAZp4,Mn.DAyer的箱子,溯源表,pocketwatch_recall,1
迷你家园,2023-06-19 15:31,小希,KU_1_XnbmU3,小希的箱子,空鸟嘴壶,premiumwateringcan,-1
迷你家园,2023-06-19 15:31,小希,KU_1_XnbmU3,小希的箱子,空浇水壶,wateringcan,1
迷你家园,2023-06-19 15:36,小希,KU_1_XnbmU3,小希的箱子,陷阱,trap,1
迷你家园,2023-06-19 15:36,小希,KU_1_XnbmU3,小希的箱子,陷阱,trap,1
迷你家园,2023-06-19 15:41,Mn.DAyer,KU_CdncAZp4,Mn.DAyer的龙鳞宝箱,暗影心房,shadowheart,1
迷你家园,2023-06-19 15:41,Mn.DAyer,KU_CdncAZp4,Mn.DAyer的龙鳞宝箱,暗影心房,shadowheart,1
迷你家园,2023-06-19 15:41,Mn.DAyer,KU_CdncAZp4,Mn.DAyer的龙鳞宝箱,暗影心房,shadowheart,1
迷你家园,2023-06-19 15:41,Mn.DAyer,KU_CdncAZp4,Mn.DAyer的龙鳞宝箱,暗影香炉,thurible,1
迷你家园,2023-06-19 15:41,Mn.DAyer,KU_CdncAZp4,Mn.DAyer的箱子,溯源表,pocketwatch_recall,1
迷你家园,2023-06-19 15:41,Mn.DAyer,KU_CdncAZp4,Mn.DAyer的箱子,溯源表,pocketwatch_recall,1
迷你家园,2023-06-19 15:41,Mn.DAyer,KU_CdncAZp4,Mn.DAyer的箱子,裂缝表,pocketwatch_portal,-1
迷你家园,2023-06-19 15:41,Mn.DAyer,KU_CdncAZp4,Mn.DAyer的箱子,溯源表,pocketwatch_recall,1
迷你家园,2023-06-19 15:46,小希,KU_1_XnbmU3,小希的箱子,暖石,heatrock,-1
迷你家园,2023-06-19 15:55,yolo,KU_8TaJu_8F,yolo的箱子,清洁扫把,reskin_tool,-1
迷你家园,2023-06-19 15:55,yolo,KU_8TaJu_8F,yolo的箱子,清洁扫把,reskin_tool,1
迷你家园,2023-06-19 15:55,yolo,KU_8TaJu_8F,yolo的箱子,木头,log,8
迷你家园,2023-06-19 15:55,yolo,KU_8TaJu_8F,yolo的箱子,木头,log,8
迷你家园,2023-06-19 15:55,yolo,KU_8TaJu_8F,yolo的箱子,木头,log,-8
迷你家园,2023-06-19 15:55,yolo,KU_8TaJu_8F,yolo的箱子,木头,log,6
迷你家园,2023-06-19 15:55,yolo,KU_8TaJu_8F,yolo的箱子,暗影碎布,voidcloth,7
迷你家园,2023-06-19 15:55,yolo,KU_8TaJu_8F,yolo的箱子,暗影碎布,voidcloth,-7
迷你家园,2023-06-19 15:55,yolo,KU_8TaJu_8F,yolo的箱子,绿宝石,greengem,-22
迷你家园,2023-06-19 15:55,yolo,KU_8TaJu_8F,yolo的箱子,绿宝石,greengem,20
迷你家园,2023-06-19 15:55,yolo,KU_8TaJu_8F,yolo的箱子,活木头,livinglog,-20
迷你家园,2023-06-19 15:55,yolo,KU_8TaJu_8F,yolo的箱子,活木头,livinglog,19
迷你家园,2023-06-19 16:04,红浪漫VIP一位,KU_bkBUBd5Q,菌伞灯,启迪碎片,alterguardianhatshard,1
迷你家园,2023-06-19 16:04,红浪漫VIP一位,KU_bkBUBd5Q,菌伞灯,红色孢子,spore_medium,1
迷你家园,2023-06-19 16:04,红浪漫VIP一位,KU_bkBUBd5Q,菌伞灯,红色孢子,spore_medium,1
迷你家园,2023-06-19 16:04,红浪漫VIP一位,KU_bkBUBd5Q,菌伞灯,红色孢子,spore_medium,1
迷你家园,2023-06-19 16:04,红浪漫VIP一位,KU_bkBUBd5Q,菌伞灯,启迪碎片,alterguardianhatshard,1
迷你家园,2023-06-19 16:04,红浪漫VIP一位,KU_bkBUBd5Q,菌伞灯,红色孢子,spore_medium,1
迷你家园,2023-06-19 16:04,红浪漫VIP一位,KU_bkBUBd5Q,菌伞灯,红色孢子,spore_medium,1
迷你家园,2023-06-19 16:04,红浪漫VIP一位,KU_bkBUBd5Q,菌伞灯,红色孢子,spore_medium,1
迷你家园,2023-06-19 16:05,红浪漫VIP一位,KU_bkBUBd5Q,蘑菇灯,启迪碎片,alterguardianhatshard,1
迷你家园,2023-06-19 16:05,yolo,KU_8TaJu_8F,yolo的箱子,绝望石,dreadstone,-18
迷你家园,2023-06-19 16:05,yolo,KU_8TaJu_8F,yolo的箱子,绝望石,dreadstone,18
迷你家园,2023-06-19 16:05,yolo,KU_8TaJu_8F,yolo的箱子,绝望石,dreadstone,-18
迷你家园,2023-06-19 16:05,yolo,KU_8TaJu_8F,yolo的箱子,绝望石,dreadstone,16
迷你家园,2023-06-19 16:10,红浪漫VIP一位,KU_bkBUBd5Q,龙鳞宝箱,暖石,heatrock,1
迷你家园,2023-06-19 16:12,红浪漫VIP一位,KU_bkBUBd5Q,蘑菇灯,荧光果,lightbulb,1
迷你家园,2023-06-19 16:12,红浪漫VIP一位,KU_bkBUBd5Q,蘑菇灯,荧光果,lightbulb,1
迷你家园,2023-06-19 16:12,红浪漫VIP一位,KU_bkBUBd5Q,蘑菇灯,荧光果,lightbulb,1
迷你家园,2023-06-19 16:13,红浪漫VIP一位,KU_bkBUBd5Q,蘑菇灯,荧光果,lightbulb,1
迷你家园,2023-06-19 16:13,红浪漫VIP一位,KU_bkBUBd5Q,蘑菇灯,荧光果,lightbulb,1
迷你家园,2023-06-19 16:13,红浪漫VIP一位,KU_bkBUBd5Q,蘑菇灯,荧光果,lightbulb,1
迷你家园,2023-06-19 18:37,星澜,KU_tvX4yXh_,星澜的龙鳞宝箱,铥矿皇冠,ruinshat,-1
迷你家园,2023-06-19 18:37,星澜,KU_tvX4yXh_,星澜的龙鳞宝箱,骨头盔甲,armorskeleton,-1
迷你家园,2023-06-19 18:37,星澜,KU_tvX4yXh_,星澜的龙鳞宝箱,骨头盔甲,armorskeleton,-1
迷你家园,2023-06-19 18:37,星澜,KU_tvX4yXh_,星澜的龙鳞宝箱,铥矿皇冠,ruinshat,1
迷你家园,2023-06-19 18:37,星澜,KU_tvX4yXh_,星澜的龙鳞宝箱,骨头盔甲,armorskeleton,1
迷你家园,2023-06-19 18:37,星澜,KU_tvX4yXh_,星澜的龙鳞宝箱,骨头盔甲,armorskeleton,1
迷你家园,2023-06-19 19:03,红浪漫VIP一位,KU_bkBUBd5Q,红浪漫VIP一位的龙鳞宝箱,暖石,heatrock,1
迷你家园,2023-06-19 19:11,红浪漫VIP一位,KU_bkBUBd5Q,红浪漫VIP一位的冰箱,培根煎蛋,baconeggs,6
迷你家园,2023-06-19 19:11,红浪漫VIP一位,KU_bkBUBd5Q,红浪漫VIP一位的冰箱,暖石,heatrock,1
迷你家园,2023-06-19 19:11,红浪漫VIP一位,KU_bkBUBd5Q,红浪漫VIP一位的冰箱,暖石,heatrock,1
迷你家园,2023-06-19 19:11,红浪漫VIP一位,KU_bkBUBd5Q,红浪漫VIP一位的冰箱,暖石,heatrock,1
迷你家园,2023-06-19 19:11,红浪漫VIP一位,KU_bkBUBd5Q,红浪漫VIP一位的冰箱,暖石,heatrock,1
迷你家园,2023-06-19 19:11,红浪漫VIP一位,KU_bkBUBd5Q,红浪漫VIP一位的冰箱,暖石,heatrock,1
迷你家园,2023-06-19 19:11,红浪漫VIP一位,KU_bkBUBd5Q,红浪漫VIP一位的冰箱,暖石,heatrock,1
迷你家园,2023-06-19 19:11,红浪漫VIP一位,KU_bkBUBd5Q,红浪漫VIP一位的冰箱,暖石,heatrock,-1
迷你家园,2023-06-19 19:11,红浪漫VIP一位,KU_bkBUBd5Q,红浪漫VIP一位的冰箱,培根煎蛋,baconeggs,-6
迷你家园,2023-06-19 19:11,红浪漫VIP一位,KU_bkBUBd5Q,红浪漫VIP一位的冰箱,暖石,heatrock,1
迷你家园,2023-06-19 19:11,红浪漫VIP一位,KU_bkBUBd5Q,红浪漫VIP一位的冰箱,培根煎蛋,baconeggs,6
迷你家园,2023-06-19 19:11,红浪漫VIP一位,KU_bkBUBd5Q,红浪漫VIP一位的龙鳞宝箱,暖石,heatrock,1
迷你家园,2023-06-19 19:12,红浪漫VIP一位,KU_bkBUBd5Q,红浪漫VIP一位的龙鳞宝箱,暖石,heatrock,1
迷你家园,2023-06-19 19:12,红浪漫VIP一位,KU_bkBUBd5Q,红浪漫VIP一位的龙鳞宝箱,暖石,heatrock,1
迷你家园,2023-06-19 19:12,红浪漫VIP一位,KU_bkBUBd5Q,红浪漫VIP一位的龙鳞宝箱,暖石,heatrock,1
迷你家园,2023-06-19 19:12,红浪漫VIP一位,KU_bkBUBd5Q,红浪漫VIP一位的龙鳞宝箱,暖石,heatrock,1
迷你家园,2023-06-19 19:12,红浪漫VIP一位,KU_bkBUBd5Q,红浪漫VIP一位的龙鳞宝箱,暖石,heatrock,1
迷你家园,2023-06-19 19:12,红浪漫VIP一位,KU_bkBUBd5Q,红浪漫VIP一位的龙鳞宝箱,暖石,heatrock,1
迷你家园,2023-06-19 19:12,红浪漫VIP一位,KU_bkBUBd5Q,红浪漫VIP一位的龙鳞宝箱,可靠的胶布,sewing_tape,39
迷你家园,2023-06-19 19:12,红浪漫VIP一位,KU_bkBUBd5Q,红浪漫VIP一位的龙鳞宝箱,暖石,heatrock,1
迷你家园,2023-06-19 19:12,红浪漫VIP一位,KU_bkBUBd5Q,红浪漫VIP一位的龙鳞宝箱,暖石,heatrock,-1
迷你家园,2023-06-19 19:12,红浪漫VIP一位,KU_bkBUBd5Q,红浪漫VIP一位的冰箱,暖石,heatrock,1
迷你家园,2023-06-19 19:12,红浪漫VIP一位,KU_bkBUBd5Q,红浪漫VIP一位的冰箱,暖石,heatrock,-1
迷你家园,2023-06-19 19:12,红浪漫VIP一位,KU_bkBUBd5Q,红浪漫VIP一位的龙鳞宝箱,暖石,heatrock,1
迷你家园,2023-06-19 19:12,红浪漫VIP一位,KU_bkBUBd5Q,红浪漫VIP一位的龙鳞宝箱,暖石,heatrock,-1
迷你家园,2023-06-19 19:12,红浪漫VIP一位,KU_bkBUBd5Q,红浪漫VIP一位的龙鳞宝箱,暖石,heatrock,-1
迷你家园,2023-06-19 19:12,红浪漫VIP一位,KU_bkBUBd5Q,红浪漫VIP一位的龙鳞宝箱,暖石,heatrock,-1
迷你家园,2023-06-19 19:12,红浪漫VIP一位,KU_bkBUBd5Q,红浪漫VIP一位的龙鳞宝箱,暖石,heatrock,1
迷你家园,2023-06-19 19:12,红浪漫VIP一位,KU_bkBUBd5Q,红浪漫VIP一位的龙鳞宝箱,暖石,heatrock,-1
迷你家园,2023-06-19 19:12,红浪漫VIP一位,KU_bkBUBd5Q,红浪漫VIP一位的龙鳞宝箱,暖石,heatrock,1
迷你家园,2023-06-19 19:12,红浪漫VIP一位,KU_bkBUBd5Q,红浪漫VIP一位的龙鳞宝箱,暖石,heatrock,-1
迷你家园,2023-06-19 19:12,红浪漫VIP一位,KU_bkBUBd5Q,红浪漫VIP一位的龙鳞宝箱,暖石,heatrock,1
迷你家园,2023-06-19 19:12,红浪漫VIP一位,KU_bkBUBd5Q,红浪漫VIP一位的龙鳞宝箱,暖石,heatrock,-1
迷你家园,2023-06-19 19:12,红浪漫VIP一位,KU_bkBUBd5Q,红浪漫VIP一位的龙鳞宝箱,暖石,heatrock,1
迷你家园,2023-06-19 19:12,红浪漫VIP一位,KU_bkBUBd5Q,红浪漫VIP一位的龙鳞宝箱,暖石,heatrock,1
迷你家园,2023-06-19 19:14,Mn.DAyer,KU_CdncAZp4,Mn.DAyer的龙鳞宝箱,清洁扫把,reskin_tool,-1
迷你家园,2023-06-19 19:14,Mn.DAyer,KU_CdncAZp4,Mn.DAyer的龙鳞宝箱,清洁扫把,reskin_tool,1
迷你家园,2023-06-19 19:31,a1314,KU_cuIT1e8U,a1314的箱子,骨头盔甲,armorskeleton,1
迷你家园,2023-06-19 19:31,a1314,KU_cuIT1e8U,a1314的箱子,骨头头盔,skeletonhat,1
迷你家园,2023-06-19 19:31,a1314,KU_cuIT1e8U,a1314的箱子,警钟,pocketwatch_weapon,1
迷你家园,2023-06-19 19:31,a1314,KU_cuIT1e8U,a1314的箱子,虚空长袍,armor_voidcloth,-1
迷你家园,2023-06-19 19:31,a1314,KU_cuIT1e8U,a1314的箱子,暗影收割者,voidcloth_scythe,-1
迷你家园,2023-06-19 19:31,a1314,KU_cuIT1e8U,a1314的箱子,暗影伞,voidcloth_umbrella,-1
迷你家园,2023-06-19 19:31,a1314,KU_cuIT1e8U,a1314的箱子,虚空风帽,voidclothhat,-1
迷你家园,2023-06-19 19:31,a1314,KU_cuIT1e8U,a1314的箱子,战斗头盔,wathgrithrhat,-1
迷你家园,2023-06-19 19:31,a1314,KU_cuIT1e8U,a1314的箱子,噩梦燃料,nightmarefuel,18
迷你家园,2023-06-19 19:31,a1314,KU_cuIT1e8U,a1314的箱子,懒人魔杖,orangestaff,1
迷你家园,2023-06-19 19:32,a1314,KU_cuIT1e8U,a1314的箱子,魔光护符,yellowamulet,1
迷你家园,2023-06-19 19:32,a1314,KU_cuIT1e8U,a1314的箱子,绝望石头盔,dreadstonehat,1
迷你家园,2023-06-19 19:32,a1314,KU_cuIT1e8U,a1314的箱子,骨头盔甲,armorskeleton,-1
迷你家园,2023-06-19 19:32,a1314,KU_cuIT1e8U,a1314的箱子,溯源表,pocketwatch_recall,1
迷你家园,2023-06-19 19:32,a1314,KU_cuIT1e8U,a1314的箱子,骨头盔甲,armorskeleton,1
迷你家园,2023-06-19 19:40,祎翟,KU_MAFS6Jh3,祎翟的龙鳞宝箱,溯源表,pocketwatch_recall,1
迷你家园,2023-06-19 19:40,祎翟,KU_MAFS6Jh3,祎翟的龙鳞宝箱,溯源表,pocketwatch_recall,-1
迷你家园,2023-06-19 19:41,Mn.DAyer,KU_CdncAZp4,Mn.DAyer的龙鳞宝箱,暗影香炉,thurible,-1
迷你家园,2023-06-19 19:41,Mn.DAyer,KU_CdncAZp4,Mn.DAyer的龙鳞宝箱,暗影心房,shadowheart,-1
迷你家园,2023-06-19 19:41,Mn.DAyer,KU_CdncAZp4,Mn.DAyer的龙鳞宝箱,暗影心房,shadowheart,-1
迷你家园,2023-06-19 19:41,Mn.DAyer,KU_CdncAZp4,Mn.DAyer的箱子,溯源表,pocketwatch_recall,-1
迷你家园,2023-06-19 19:41,Mn.DAyer,KU_CdncAZp4,Mn.DAyer的箱子,溯源表,pocketwatch_recall,-1
迷你家园,2023-06-19 19:41,星澜,KU_tvX4yXh_,星澜的龙鳞宝箱,暗影心房,shadowheart,-1
迷你家园,2023-06-19 19:42,祎翟,KU_MAFS6Jh3,祎翟的龙鳞宝箱,溯源表,pocketwatch_recall,-1
迷你家园,2023-06-19 19:42,祎翟,KU_MAFS6Jh3,祎翟的龙鳞宝箱,溯源表,pocketwatch_recall,1
迷你家园,2023-06-19 19:42,祎翟,KU_MAFS6Jh3,祎翟的龙鳞宝箱,溯源表,pocketwatch_recall,-1
迷你家园,2023-06-19 19:42,祎翟,KU_MAFS6Jh3,祎翟的龙鳞宝箱,溯源表,pocketwatch_recall,1
迷你家园,2023-06-19 19:42,祎翟,KU_MAFS6Jh3,祎翟的龙鳞宝箱,铥矿,thulecite,-1
迷你家园,2023-06-19 19:42,祎翟,KU_MAFS6Jh3,祎翟的龙鳞宝箱,铥矿,thulecite,1
迷你家园,2023-06-19 19:42,祎翟,KU_MAFS6Jh3,祎翟的龙鳞宝箱,紫宝石,purplegem,-1
迷你家园,2023-06-19 19:42,祎翟,KU_MAFS6Jh3,祎翟的龙鳞宝箱,紫宝石,purplegem,1
迷你家园,2023-06-19 19:42,祎翟,KU_MAFS6Jh3,祎翟的龙鳞宝箱,紫宝石,purplegem,-1
迷你家园,2023-06-19 19:42,祎翟,KU_MAFS6Jh3,祎翟的龙鳞宝箱,溯源表,pocketwatch_recall,-1
迷你家园,2023-06-19 19:42,祎翟,KU_MAFS6Jh3,祎翟的龙鳞宝箱,紫宝石,purplegem,1
迷你家园,2023-06-19 19:42,祎翟,KU_MAFS6Jh3,祎翟的龙鳞宝箱,溯源表,pocketwatch_recall,1
迷你家园,2023-06-19 19:43,祎翟,KU_MAFS6Jh3,祎翟的龙鳞宝箱,铥矿,thulecite,-1
迷你家园,2023-06-19 19:43,祎翟,KU_MAFS6Jh3,祎翟的龙鳞宝箱,溯源表,pocketwatch_recall,-1
迷你家园,2023-06-19 19:43,祎翟,KU_MAFS6Jh3,祎翟的龙鳞宝箱,铥矿,thulecite,1
迷你家园,2023-06-19 19:43,祎翟,KU_MAFS6Jh3,祎翟的龙鳞宝箱,溯源表,pocketwatch_recall,1
迷你家园,2023-06-19 19:47,Mn.DAyer,KU_CdncAZp4,Mn.DAyer的箱子,溯源表,pocketwatch_recall,1
迷你家园,2023-06-19 19:47,Mn.DAyer,KU_CdncAZp4,Mn.DAyer的箱子,溯源表,pocketwatch_recall,1
迷你家园,2023-06-19 19:47,Mn.DAyer,KU_CdncAZp4,Mn.DAyer的箱子,溯源表,pocketwatch_recall,-1
迷你家园,2023-06-19 19:51,星澜,KU_tvX4yXh_,星澜的龙鳞宝箱,溯源表,pocketwatch_recall,-1
迷你家园,2023-06-19 19:53,祎翟,KU_MAFS6Jh3,祎翟的龙鳞宝箱,溯源表,pocketwatch_recall,1
迷你家园,2023-06-19 19:53,祎翟,KU_MAFS6Jh3,祎翟的龙鳞宝箱,溯源表,pocketwatch_recall,-1
迷你家园,2023-06-19 19:53,祎翟,KU_MAFS6Jh3,祎翟的龙鳞宝箱,不老表,pocketwatch_heal,1
迷你家园,2023-06-19 19:53,祎翟,KU_MAFS6Jh3,祎翟的龙鳞宝箱,不老表,pocketwatch_heal,1
迷你家园,2023-06-19 19:53,祎翟,KU_MAFS6Jh3,祎翟的龙鳞宝箱,不老表,pocketwatch_heal,-1
迷你家园,2023-06-19 19:53,祎翟,KU_MAFS6Jh3,祎翟的龙鳞宝箱,不老表,pocketwatch_heal,-1
迷你家园,2023-06-19 19:53,星澜,KU_tvX4yXh_,星澜的龙鳞宝箱,暗影心房,shadowheart,1
迷你家园,2023-06-19 19:55,颂恩,KU_H2AfRqiQ,红浪漫VIP一位的菌伞灯,启迪碎片,alterguardianhatshard,-1
迷你家园,2023-06-19 19:55,颂恩,KU_H2AfRqiQ,红浪漫VIP一位的菌伞灯,启迪碎片,alterguardianhatshard,1
迷你家园,2023-06-19 20:01,祎翟,KU_MAFS6Jh3,祎翟的龙鳞宝箱,溯源表,pocketwatch_recall,1
迷你家园,2023-06-19 20:01,祎翟,KU_MAFS6Jh3,祎翟的龙鳞宝箱,溯源表,pocketwatch_recall,-1
迷你家园,2023-06-19 20:01,祎翟,KU_MAFS6Jh3,祎翟的龙鳞宝箱,不老表,pocketwatch_heal,1
迷你家园,2023-06-19 20:01,祎翟,KU_MAFS6Jh3,祎翟的龙鳞宝箱,不老表,pocketwatch_heal,1
迷你家园,2023-06-19 20:01,祎翟,KU_MAFS6Jh3,祎翟的龙鳞宝箱,不老表,pocketwatch_heal,-1
迷你家园,2023-06-19 20:01,祎翟,KU_MAFS6Jh3,祎翟的龙鳞宝箱,不老表,pocketwatch_heal,-1
迷你家园,2023-06-19 20:01,星澜,KU_tvX4yXh_,星澜的龙鳞宝箱,溯源表,pocketwatch_recall,1
迷你家园,2023-06-19 20:03,祎翟,KU_MAFS6Jh3,祎翟的龙鳞宝箱,溯源表,pocketwatch_recall,1
迷你家园,2023-06-19 20:03,祎翟,KU_MAFS6Jh3,祎翟的龙鳞宝箱,溯源表,pocketwatch_recall,-1
迷你家园,2023-06-19 20:03,祎翟,KU_MAFS6Jh3,祎翟的龙鳞宝箱,不老表,pocketwatch_heal,1
迷你家园,2023-06-19 20:03,祎翟,KU_MAFS6Jh3,祎翟的龙鳞宝箱,不老表,pocketwatch_heal,1
迷你家园,2023-06-19 20:03,祎翟,KU_MAFS6Jh3,祎翟的龙鳞宝箱,不老表,pocketwatch_heal,-1
迷你家园,2023-06-19 20:03,祎翟,KU_MAFS6Jh3,祎翟的龙鳞宝箱,不老表,pocketwatch_heal,-1
迷你家园,2023-06-19 20:04,祎翟,KU_MAFS6Jh3,祎翟的龙鳞宝箱,溯源表,pocketwatch_recall,-1
迷你家园,2023-06-19 20:04,祎翟,KU_MAFS6Jh3,祎翟的龙鳞宝箱,溯源表,pocketwatch_recall,1
迷你家园,2023-06-19 20:04,祎翟,KU_MAFS6Jh3,祎翟的龙鳞宝箱,溯源表,pocketwatch_recall,-1
迷你家园,2023-06-19 20:04,祎翟,KU_MAFS6Jh3,祎翟的龙鳞宝箱,溯源表,pocketwatch_recall,1
迷你家园,2023-06-19 20:04,祎翟,KU_MAFS6Jh3,祎翟的龙鳞宝箱,铥矿,thulecite,-1
迷你家园,2023-06-19 20:04,祎翟,KU_MAFS6Jh3,祎翟的龙鳞宝箱,铥矿,thulecite,1
迷你家园,2023-06-19 20:04,祎翟,KU_MAFS6Jh3,祎翟的龙鳞宝箱,紫宝石,purplegem,-1
迷你家园,2023-06-19 20:04,祎翟,KU_MAFS6Jh3,祎翟的龙鳞宝箱,紫宝石,purplegem,1
迷你家园,2023-06-19 20:04,祎翟,KU_MAFS6Jh3,祎翟的龙鳞宝箱,铥矿,thulecite,-1
迷你家园,2023-06-19 20:04,祎翟,KU_MAFS6Jh3,祎翟的龙鳞宝箱,铥矿,thulecite,1
迷你家园,2023-06-19 20:08,祎翟,KU_MAFS6Jh3,祎翟的龙鳞宝箱,溯源表,pocketwatch_recall,1
迷你家园,2023-06-19 20:08,祎翟,KU_MAFS6Jh3,祎翟的龙鳞宝箱,溯源表,pocketwatch_recall,-1
迷你家园,2023-06-19 20:08,祎翟,KU_MAFS6Jh3,祎翟的龙鳞宝箱,不老表,pocketwatch_heal,1
迷你家园,2023-06-19 20:08,祎翟,KU_MAFS6Jh3,祎翟的龙鳞宝箱,不老表,pocketwatch_heal,1
迷你家园,2023-06-19 20:09,Mn.DAyer,KU_CdncAZp4,Mn.DAyer的龙鳞宝箱,暗影香炉,thurible,1
迷你家园,2023-06-19 20:10,祎翟,KU_MAFS6Jh3,祎翟的龙鳞宝箱,溯源表,pocketwatch_recall,1
迷你家园,2023-06-19 20:10,祎翟,KU_MAFS6Jh3,祎翟的龙鳞宝箱,溯源表,pocketwatch_recall,-1
迷你家园,2023-06-19 20:10,祎翟,KU_MAFS6Jh3,祎翟的龙鳞宝箱,溯源表,pocketwatch_recall,-1
迷你家园,2023-06-19 20:10,Mn.DAyer,KU_CdncAZp4,Mn.DAyer的龙鳞宝箱,暗影心房,shadowheart,1
迷你家园,2023-06-19 20:10,Mn.DAyer,KU_CdncAZp4,Mn.DAyer的龙鳞宝箱,暗影心房,shadowheart,1
迷你家园,2023-06-19 20:10,Mn.DAyer,KU_CdncAZp4,Mn.DAyer的龙鳞宝箱,暗影心房,shadowheart,1
迷你家园,2023-06-19 20:10,祎翟,KU_MAFS6Jh3,祎翟的龙鳞宝箱,溯源表,pocketwatch_recall,-1
迷你家园,2023-06-19 20:10,Mn.DAyer,KU_CdncAZp4,Mn.DAyer的箱子,溯源表,pocketwatch_recall,1
迷你家园,2023-06-19 20:10,Mn.DAyer,KU_CdncAZp4,Mn.DAyer的龙鳞宝箱,唤星者魔杖,yellowstaff,1
迷你家园,2023-06-19 20:10,Mn.DAyer,KU_CdncAZp4,Mn.DAyer的龙鳞宝箱,溯源表,pocketwatch_recall,1
迷你家园,2023-06-19 20:10,Mn.DAyer,KU_CdncAZp4,Mn.DAyer的龙鳞宝箱,溯源表,pocketwatch_recall,1
迷你家园,2023-06-19 20:10,Mn.DAyer,KU_CdncAZp4,Mn.DAyer的龙鳞宝箱,溯源表,pocketwatch_recall,1
迷你家园,2023-06-19 20:10,Mn.DAyer,KU_CdncAZp4,Mn.DAyer的龙鳞宝箱,溯源表,pocketwatch_recall,1
迷你家园,2023-06-19 20:10,Mn.DAyer,KU_CdncAZp4,Mn.DAyer的龙鳞宝箱,懒人护符,orangeamulet,1
迷你家园,2023-06-19 20:33,祎翟,KU_MAFS6Jh3,祎翟的龙鳞宝箱,溯源表,pocketwatch_recall,1
迷你家园,2023-06-19 20:33,祎翟,KU_MAFS6Jh3,祎翟的龙鳞宝箱,溯源表,pocketwatch_recall,-1
迷你家园,2023-06-19 20:34,祎翟,KU_MAFS6Jh3,祎翟的龙鳞宝箱,溯源表,pocketwatch_recall,1
迷你家园,2023-06-19 20:35,祎翟,KU_MAFS6Jh3,祎翟的龙鳞宝箱,不老表,pocketwatch_heal,1
迷你家园,2023-06-19 20:35,祎翟,KU_MAFS6Jh3,祎翟的龙鳞宝箱,不老表,pocketwatch_heal,-1
迷你家园,2023-06-19 20:35,祎翟,KU_MAFS6Jh3,祎翟的龙鳞宝箱,不老表,pocketwatch_heal,1
迷你家园,2023-06-19 20:35,祎翟,KU_MAFS6Jh3,祎翟的龙鳞宝箱,不老表,pocketwatch_heal,-1
迷你家园,2023-06-19 20:35,祎翟,KU_MAFS6Jh3,祎翟的龙鳞宝箱,不老表,pocketwatch_heal,1
迷你家园,2023-06-19 20:45,红浪漫VIP一位,KU_bkBUBd5Q,红浪漫VIP一位的冰箱,暖石,heatrock,-1
迷你家园,2023-06-19 20:55,红浪漫VIP一位,KU_bkBUBd5Q,红浪漫VIP一位的冰箱,暖石,heatrock,1
迷你家园,2023-06-19 20:55,红浪漫VIP一位,KU_bkBUBd5Q,红浪漫VIP一位的冰箱,暖石,heatrock,-1
迷你家园,2023-06-19 21:04,红浪漫VIP一位,KU_bkBUBd5Q,蘑菇灯,启迪碎片,alterguardianhatshard,1
迷你家园,2023-06-19 21:04,红浪漫VIP一位,KU_bkBUBd5Q,蘑菇灯,荧光果,lightbulb,1
迷你家园,2023-06-19 21:04,红浪漫VIP一位,KU_bkBUBd5Q,蘑菇灯,荧光果,lightbulb,1
迷你家园,2023-06-19 21:04,红浪漫VIP一位,KU_bkBUBd5Q,蘑菇灯,荧光果,lightbulb,1
迷你家园,2023-06-19 21:05,红浪漫VIP一位,KU_bkBUBd5Q,红浪漫VIP一位的冰箱,暖石,heatrock,1
迷你家园,2023-06-19 21:05,红浪漫VIP一位,KU_bkBUBd5Q,红浪漫VIP一位的冰箱,暖石,heatrock,-1
迷你家园,2023-06-19 21:11,红浪漫VIP一位,KU_bkBUBd5Q,红浪漫VIP一位的冰箱,暖石,heatrock,1
迷你家园,2023-06-19 21:11,红浪漫VIP一位,KU_bkBUBd5Q,红浪漫VIP一位的冰箱,暖石,heatrock,-1
迷你家园,2023-06-19 21:19,红浪漫VIP一位,KU_bkBUBd5Q,红浪漫VIP一位的冰箱,暖石,heatrock,-1
迷你家园,2023-06-19 21:19,红浪漫VIP一位,KU_bkBUBd5Q,红浪漫VIP一位的冰箱,暖石,heatrock,1
迷你家园,2023-06-19 21:35,红浪漫VIP一位,KU_bkBUBd5Q,红浪漫VIP一位的冰箱,暖石,heatrock,1
迷你家园,2023-06-19 21:35,红浪漫VIP一位,KU_bkBUBd5Q,红浪漫VIP一位的冰箱,暖石,heatrock,-1
迷你家园,2023-06-19 21:35,红浪漫VIP一位,KU_bkBUBd5Q,红浪漫VIP一位的冰箱,培根煎蛋,baconeggs,-1
迷你家园,2023-06-19 21:42,红浪漫VIP一位,KU_bkBUBd5Q,红浪漫VIP一位的冰箱,暖石,heatrock,1
迷你家园,2023-06-19 21:42,红浪漫VIP一位,KU_bkBUBd5Q,红浪漫VIP一位的冰箱,暖石,heatrock,-1
迷你家园,2023-06-19 21:43,小希,KU_1_XnbmU3,小希的箱子,锤子,hammer,-1
迷你家园,2023-06-19 21:46,祎翟,KU_MAFS6Jh3,祎翟的龙鳞宝箱,不老表,pocketwatch_heal,-1
迷你家园,2023-06-19 21:46,祎翟,KU_MAFS6Jh3,祎翟的龙鳞宝箱,不老表,pocketwatch_heal,-1
迷你家园,2023-06-19 21:49,小希,KU_1_XnbmU3,小希的箱子,锤子,hammer,-1
迷你家园,2023-06-19 21:52,小希,KU_1_XnbmU3,小希的箱子,土豆,potato,40
迷你家园,2023-06-19 21:52,小希,KU_1_XnbmU3,小希的箱子,土豆,potato,40
迷你家园,2023-06-19 21:52,小希,KU_1_XnbmU3,小希的箱子,土豆,potato,40
迷你家园,2023-06-19 21:52,小希,KU_1_XnbmU3,小希的箱子,土豆,potato,28
迷你家园,2023-06-19 21:52,小希,KU_1_XnbmU3,小希的箱子,毛茸茸的种子,potato_seeds,40
迷你家园,2023-06-19 21:52,小希,KU_1_XnbmU3,小希的箱子,毛茸茸的种子,potato_seeds,40
迷你家园,2023-06-19 21:52,小希,KU_1_XnbmU3,小希的箱子,毛茸茸的种子,potato_seeds,40
迷你家园,2023-06-19 21:52,小希,KU_1_XnbmU3,小希的箱子,毛茸茸的种子,potato_seeds,7
迷你家园,2023-06-19 21:52,小希,KU_1_XnbmU3,小希的箱子,芦笋,asparagus,40
迷你家园,2023-06-19 21:52,小希,KU_1_XnbmU3,小希的箱子,筒状种子,asparagus_seeds,33
迷你家园,2023-06-19 21:52,小希,KU_1_XnbmU3,小希的箱子,芦笋,asparagus,2
迷你家园,2023-06-19 21:52,小希,KU_1_XnbmU3,小希的箱子,南瓜,pumpkin,20
迷你家园,2023-06-19 21:52,小希,KU_1_XnbmU3,小希的箱子,尖种子,pumpkin_seeds,25
迷你家园,2023-06-19 21:52,小希,KU_1_XnbmU3,小希的箱子,南瓜,pumpkin,20
迷你家园,2023-06-19 21:52,小希,KU_1_XnbmU3,小希的箱子,南瓜,pumpkin,20
迷你家园,2023-06-19 21:52,小希,KU_1_XnbmU3,小希的箱子,南瓜,pumpkin,20
迷你家园,2023-06-19 21:52,小希,KU_1_XnbmU3,小希的箱子,南瓜,pumpkin,20
迷你家园,2023-06-19 21:52,小希,KU_1_XnbmU3,小希的箱子,南瓜,pumpkin,20
迷你家园,2023-06-19 21:52,小希,KU_1_XnbmU3,小希的箱子,尖种子,pumpkin_seeds,40
迷你家园,2023-06-19 21:52,小希,KU_1_XnbmU3,小希的箱子,尖种子,pumpkin_seeds,40
迷你家园,2023-06-19 21:52,小希,KU_1_XnbmU3,小希的箱子,尖种子,pumpkin_seeds,27
迷你家园,2023-06-19 21:52,小希,KU_1_XnbmU3,小希的箱子,筒状种子,asparagus_seeds,40
迷你家园,2023-06-19 21:52,小希,KU_1_XnbmU3,小希的箱子,筒状种子,asparagus_seeds,40
迷你家园,2023-06-19 21:52,小希,KU_1_XnbmU3,小希的箱子,筒状种子,asparagus_seeds,37
迷你家园,2023-06-19 21:52,小希,KU_1_XnbmU3,小希的箱子,芦笋,asparagus,40
迷你家园,2023-06-19 21:52,小希,KU_1_XnbmU3,小希的箱子,芦笋,asparagus,40
迷你家园,2023-06-19 21:52,小希,KU_1_XnbmU3,小希的箱子,芦笋,asparagus,30
迷你家园,2023-06-19 21:54,祎翟,KU_MAFS6Jh3,祎翟的龙鳞宝箱,溯源表,pocketwatch_recall,1
迷你家园,2023-06-19 21:54,祎翟,KU_MAFS6Jh3,祎翟的龙鳞宝箱,溯源表,pocketwatch_recall,-1
迷你家园,2023-06-19 21:55,祎翟,KU_MAFS6Jh3,祎翟的龙鳞宝箱,溯源表,pocketwatch_recall,1
迷你家园,2023-06-19 21:55,祎翟,KU_MAFS6Jh3,祎翟的龙鳞宝箱,溯源表,pocketwatch_recall,-1
迷你家园,2023-06-19 21:56,祎翟,KU_MAFS6Jh3,祎翟的龙鳞宝箱,溯源表,pocketwatch_recall,1
迷你家园,2023-06-19 21:56,祎翟,KU_MAFS6Jh3,祎翟的龙鳞宝箱,溯源表,pocketwatch_recall,-1
迷你家园,2023-06-19 21:56,祎翟,KU_MAFS6Jh3,祎翟的龙鳞宝箱,溯源表,pocketwatch_recall,-1
迷你家园,2023-06-19 21:56,祎翟,KU_MAFS6Jh3,祎翟的龙鳞宝箱,溯源表,pocketwatch_recall,-1
迷你家园,2023-06-19 21:56,祎翟,KU_MAFS6Jh3,祎翟的龙鳞宝箱,溯源表,pocketwatch_recall,1
迷你家园,2023-06-19 21:56,祎翟,KU_MAFS6Jh3,祎翟的龙鳞宝箱,溯源表,pocketwatch_recall,-1
迷你家园,2023-06-19 21:56,祎翟,KU_MAFS6Jh3,祎翟的龙鳞宝箱,溯源表,pocketwatch_recall,1
迷你家园,2023-06-19 21:56,祎翟,KU_MAFS6Jh3,祎翟的龙鳞宝箱,溯源表,pocketwatch_recall,-1
迷你家园,2023-06-19 21:57,红浪漫VIP一位,KU_bkBUBd5Q,红浪漫VIP一位的冰箱,暖石,heatrock,1
迷你家园,2023-06-19 21:57,红浪漫VIP一位,KU_bkBUBd5Q,红浪漫VIP一位的冰箱,暖石,heatrock,-1
迷你家园,2023-06-19 21:57,祎翟,KU_MAFS6Jh3,祎翟的龙鳞宝箱,溯源表,pocketwatch_recall,1
迷你家园,2023-06-19 21:57,祎翟,KU_MAFS6Jh3,祎翟的龙鳞宝箱,溯源表,pocketwatch_recall,1
迷你家园,2023-06-19 21:57,祎翟,KU_MAFS6Jh3,祎翟的龙鳞宝箱,溯源表,pocketwatch_recall,1
迷你家园,2023-06-19 21:57,祎翟,KU_MAFS6Jh3,祎翟的龙鳞宝箱,钟表匠工具,pocketwatch_dismantler,1
迷你家园,2023-06-19 21:59,小希,KU_1_XnbmU3,小希的箱子,月岩,moonrocknugget,-2
迷你家园,2023-06-19 22:02,祎翟,KU_MAFS6Jh3,祎翟的龙鳞宝箱,溯源表,pocketwatch_recall,1
迷你家园,2023-06-19 22:02,祎翟,KU_MAFS6Jh3,祎翟的龙鳞宝箱,溯源表,pocketwatch_recall,-1
迷你家园,2023-06-19 22:02,祎翟,KU_MAFS6Jh3,祎翟的龙鳞宝箱,溯源表,pocketwatch_recall,1
迷你家园,2023-06-19 22:02,祎翟,KU_MAFS6Jh3,祎翟的龙鳞宝箱,溯源表,pocketwatch_recall,1
迷你家园,2023-06-19 22:10,祎翟,KU_MAFS6Jh3,祎翟的龙鳞宝箱,溯源表,pocketwatch_recall,1
迷你家园,2023-06-19 22:10,祎翟,KU_MAFS6Jh3,祎翟的龙鳞宝箱,溯源表,pocketwatch_recall,-1
迷你家园,2023-06-19 22:15,红浪漫VIP一位,KU_bkBUBd5Q,红浪漫VIP一位的冰箱,暖石,heatrock,-1
迷你家园,2023-06-19 22:15,红浪漫VIP一位,KU_bkBUBd5Q,红浪漫VIP一位的冰箱,暖石,heatrock,1
迷你家园,2023-06-19 22:29,星澜,KU_tvX4yXh_,星澜的龙鳞宝箱,暗影心房,shadowheart,-1
迷你家园,2023-06-19 22:37,星澜,KU_tvX4yXh_,星澜的龙鳞宝箱,暗影心房,shadowheart,1
迷你家园,2023-06-19 22:37,星澜,KU_tvX4yXh_,星澜的龙鳞宝箱,溯源表,pocketwatch_recall,-1
迷你家园,2023-06-19 22:49,星澜,KU_tvX4yXh_,星澜的龙鳞宝箱,溯源表,pocketwatch_recall,1
迷你家园,2023-06-19 22:51,小希,KU_1_XnbmU3,小希的箱子,种子,seeds,1
迷你家园,2023-06-19 22:51,小希,KU_1_XnbmU3,小希的箱子,球茎状种子,dragonfruit_seeds,40
迷你家园,2023-06-19 22:51,小希,KU_1_XnbmU3,小希的箱子,球茎状种子,dragonfruit_seeds,40
迷你家园,2023-06-19 22:51,小希,KU_1_XnbmU3,小希的箱子,球茎状种子,dragonfruit_seeds,18
迷你家园,2023-06-19 22:51,小希,KU_1_XnbmU3,小希的箱子,球茎状种子,dragonfruit_seeds,40
迷你家园,2023-06-19 22:51,小希,KU_1_XnbmU3,小希的箱子,球茎状种子,dragonfruit_seeds,-40
迷你家园,2023-06-19 22:51,小希,KU_1_XnbmU3,小希的箱子,球茎状种子,dragonfruit_seeds,-40
迷你家园,2023-06-19 22:51,小希,KU_1_XnbmU3,小希的箱子,球茎状种子,dragonfruit_seeds,-18
迷你家园,2023-06-19 22:51,小希,KU_1_XnbmU3,小希的箱子,球茎状种子,dragonfruit_seeds,-40
迷你家园,2023-06-19 22:52,小希,KU_1_XnbmU3,小希的箱子,球茎状种子,dragonfruit_seeds,40
迷你家园,2023-06-19 22:52,小希,KU_1_XnbmU3,小希的箱子,球茎状种子,dragonfruit_seeds,40
迷你家园,2023-06-19 22:52,小希,KU_1_XnbmU3,小希的箱子,球茎状种子,dragonfruit_seeds,18
迷你家园,2023-06-19 22:52,小希,KU_1_XnbmU3,小希的箱子,球茎状种子,dragonfruit_seeds,40
迷你家园,2023-06-19 22:52,小希,KU_1_XnbmU3,小希的箱子,紫宝石,purplegem,3
迷你家园,2023-06-19 23:07,洗碗工必忘我,KU_DfIX63bL,洗碗工必忘我的冰箱,蜂蜜,honey,-36
迷你家园,2023-06-19 23:07,洗碗工必忘我,KU_DfIX63bL,洗碗工必忘我的盐盒,肉,meat,-20
迷你家园,2023-06-19 23:07,洗碗工必忘我,KU_DfIX63bL,洗碗工必忘我的盐盒,肉,meat,-17
迷你家园,2023-06-19 23:07,洗碗工必忘我,KU_DfIX63bL,洗碗工必忘我的盐盒,叶肉,plantmeat,-3
迷你家园,2023-06-19 23:08,小希,KU_1_XnbmU3,小希的箱子,紫宝石,purplegem,-3
迷你家园,2023-06-19 23:10,小希,KU_1_XnbmU3,小希的箱子,红宝石,redgem,-40
迷你家园,2023-06-19 23:11,小希,KU_1_XnbmU3,小希的箱子,红宝石,redgem,31
迷你家园,2023-06-19 23:11,洗碗工必忘我,KU_DfIX63bL,洗碗工必忘我的冰箱,培根煎蛋,baconeggs,-13
迷你家园,2023-06-19 23:11,洗碗工必忘我,KU_DfIX63bL,洗碗工必忘我的冰箱,肉,meat,3
迷你家园,2023-06-19 23:11,洗碗工必忘我,KU_DfIX63bL,洗碗工必忘我的冰箱,肉,meat,-3
迷你家园,2023-06-19 23:11,洗碗工必忘我,KU_DfIX63bL,洗碗工必忘我的盐盒,肉,meat,3
迷你家园,2023-06-19 23:11,洗碗工必忘我,KU_DfIX63bL,洗碗工必忘我的盐盒,叶肉,plantmeat,1
迷你家园,2023-06-19 23:18,大米花,KU_XjTVYtQ0,大米花的冰箱,炖肉汤,bonestew,-1
迷你家园,2023-06-19 23:23,小希,KU_1_XnbmU3,小希的箱子,亮茄外壳,lunarplant_husk,6
迷你家园,2023-06-19 23:23,小希,KU_1_XnbmU3,小希的箱子,亮茄外壳,lunarplant_husk,-6
迷你家园,2023-06-19 23:24,小希,KU_1_XnbmU3,小希的箱子,月岩雕像,moonrockidol,1
迷你家园,2023-06-19 23:24,小希,KU_1_XnbmU3,小希的箱子,月岩雕像,moonrockidol,1
迷你家园,2023-06-19 23:24,小希,KU_1_XnbmU3,小希的箱子,月岩雕像,moonrockidol,1
迷你家园,2023-06-19 23:24,小希,KU_1_XnbmU3,小希的箱子,月岩雕像,moonrockidol,1
迷你家园,2023-06-19 23:24,小希,KU_1_XnbmU3,小希的箱子,月岩雕像,moonrockidol,1
迷你家园,2023-06-19 23:24,小希,KU_1_XnbmU3,小希的箱子,月岩雕像,moonrockidol,1
迷你家园,2023-06-19 23:24,小希,KU_1_XnbmU3,小希的箱子,月岩雕像,moonrockidol,1
迷你家园,2023-06-19 23:24,小希,KU_1_XnbmU3,小希的箱子,月岩雕像,moonrockidol,1
迷你家园,2023-06-19 23:24,小希,KU_1_XnbmU3,小希的箱子,月岩雕像,moonrockidol,1
迷你家园,2023-06-19 23:24,小希,KU_1_XnbmU3,小希的箱子,月岩雕像,moonrockidol,1
迷你家园,2023-06-19 23:24,小希,KU_1_XnbmU3,小希的箱子,月岩雕像,moonrockidol,1
迷你家园,2023-06-19 23:24,小希,KU_1_XnbmU3,小希的箱子,月岩雕像,moonrockidol,1
迷你家园,2023-06-19 23:24,小希,KU_1_XnbmU3,小希的箱子,月岩雕像,moonrockidol,1
迷你家园,2023-06-19 23:25,小希,KU_1_XnbmU3,小希的箱子,月岩雕像,moonrockidol,-1
迷你家园,2023-06-19 23:54,小希,KU_1_XnbmU3,小希的箱子,纯粹辉煌,purebrilliance,4
迷你家园,2023-06-19 23:54,小希,KU_1_XnbmU3,小希的箱子,亮茄粉碎者,pickaxe_lunarplant,1
迷你家园,2023-06-19 23:54,小希,KU_1_XnbmU3,小希的箱子,亮茄魔杖,staff_lunarplant,1
迷你家园,2023-06-19 23:54,小希,KU_1_XnbmU3,小希的箱子,不老表,pocketwatch_heal,1
迷你家园,2023-06-19 23:54,小希,KU_1_XnbmU3,小希的箱子,亮茄剑,sword_lunarplant,1
迷你家园,2023-06-19 23:55,小希,KU_1_XnbmU3,小希的箱子,亮茄外壳,lunarplant_husk,4
迷你家园,2023-06-19 23:55,小希,KU_1_XnbmU3,小希的箱子,采下的草,cutgrass,8
旧神盛宴,2023-06-19 20:16,颂恩,KU_H2AfRqiQ,龙鳞宝箱,桦栗果,acorn,1
旧神盛宴,2023-06-19 20:19,颂恩,KU_H2AfRqiQ,冰箱,鸟蛋,bird_egg,2
旧神盛宴,2023-06-19 20:19,幻滅,KU_P2T7Pk5O,龙鳞宝箱,蜂刺,stinger,5
旧神盛宴,2023-06-19 20:20,幻滅,KU_P2T7Pk5O,冰箱,蛙腿,froglegs,1
旧神盛宴,2023-06-19 20:21,颂恩,KU_H2AfRqiQ,冰箱,怪物肉,monstermeat,4
旧神盛宴,2023-06-19 20:21,颂恩,KU_H2AfRqiQ,冰箱,带刺的种子,tomato_seeds,1
旧神盛宴,2023-06-19 20:21,颂恩,KU_H2AfRqiQ,冰箱,肉,meat,2
旧神盛宴,2023-06-19 20:21,颂恩,KU_H2AfRqiQ,冰箱,小肉,smallmeat,1
旧神盛宴,2023-06-19 20:21,颂恩,KU_H2AfRqiQ,冰箱,鸟蛋,bird_egg,-2
旧神盛宴,2023-06-19 20:21,颂恩,KU_H2AfRqiQ,冰箱,带刺的种子,tomato_seeds,-1
旧神盛宴,2023-06-19 20:21,颂恩,KU_H2AfRqiQ,冰箱,鸟蛋,bird_egg,1
旧神盛宴,2023-06-19 20:21,颂恩,KU_H2AfRqiQ,冰箱,怪物肉,monstermeat,-4
旧神盛宴,2023-06-19 20:21,颂恩,KU_H2AfRqiQ,冰箱,怪物肉,monstermeat,3
旧神盛宴,2023-06-19 20:22,幻滅,KU_P2T7Pk5O,冰箱,小鱼块,fishmeat_small,4
旧神盛宴,2023-06-19 20:22,颂恩,KU_H2AfRqiQ,冰箱,小鱼块,fishmeat_small,-4
旧神盛宴,2023-06-19 20:22,颂恩,KU_H2AfRqiQ,冰箱,小鱼块,fishmeat_small,3
旧神盛宴,2023-06-19 20:23,颂恩,KU_H2AfRqiQ,冰箱,番茄,tomato,2
旧神盛宴,2023-06-19 20:23,颂恩,KU_H2AfRqiQ,冰箱,玉米,corn,1
旧神盛宴,2023-06-19 20:23,颂恩,KU_H2AfRqiQ,冰箱,洋葱,onion,1
旧神盛宴,2023-06-19 20:23,颂恩,KU_H2AfRqiQ,冰箱,胡萝卜,carrot,1
旧神盛宴,2023-06-19 20:23,幻滅,KU_P2T7Pk5O,冰箱,香蕉,cave_banana,1
旧神盛宴,2023-06-19 20:23,幻滅,KU_P2T7Pk5O,冰箱,种子,seeds,1
旧神盛宴,2023-06-19 21:06,祎翟,KU_MAFS6Jh3,龙鳞宝箱,木头,log,4
旧神盛宴,2023-06-19 21:06,祎翟,KU_MAFS6Jh3,龙鳞宝箱,采下的草,cutgrass,1
旧神盛宴,2023-06-19 21:06,祎翟,KU_MAFS6Jh3,龙鳞宝箱,蜘蛛腺,spidergland,2
旧神盛宴,2023-06-19 21:06,祎翟,KU_MAFS6Jh3,冰箱,怪物肉,monstermeat,5
旧神盛宴,2023-06-19 21:06,祎翟,KU_MAFS6Jh3,冰箱,肉,meat,2
旧神盛宴,2023-06-19 21:06,祎翟,KU_MAFS6Jh3,冰箱,小肉,smallmeat,3
旧神盛宴,2023-06-19 21:12,祎翟,KU_MAFS6Jh3,冰箱,番茄,tomato,1
旧神盛宴,2023-06-19 21:12,祎翟,KU_MAFS6Jh3,冰箱,南瓜,pumpkin,1
旧神盛宴,2023-06-19 21:12,祎翟,KU_MAFS6Jh3,冰箱,玉米,corn,1
旧神盛宴,2023-06-19 21:12,祎翟,KU_MAFS6Jh3,冰箱,茄子,eggplant,1
旧神盛宴,2023-06-19 21:13,祎翟,KU_MAFS6Jh3,龙鳞宝箱,蜂刺,stinger,5
旧神盛宴,2023-06-19 21:13,祎翟,KU_MAFS6Jh3,冰箱,南瓜,pumpkin,-1
旧神盛宴,2023-06-19 21:13,祎翟,KU_MAFS6Jh3,冰箱,玉米,corn,-1
旧神盛宴,2023-06-19 21:13,祎翟,KU_MAFS6Jh3,冰箱,茄子,eggplant,-1
旧神盛宴,2023-06-19 21:13,祎翟,KU_MAFS6Jh3,冰箱,怪物肉,monstermeat,-5
旧神盛宴,2023-06-19 21:13,祎翟,KU_MAFS6Jh3,冰箱,怪物肉,monstermeat,4
旧神盛宴,2023-06-19 21:13,祎翟,KU_MAFS6Jh3,冰箱,小肉,smallmeat,-5
旧神盛宴,2023-06-19 21:13,祎翟,KU_MAFS6Jh3,冰箱,小肉,smallmeat,4
旧神盛宴,2023-06-19 21:13,祎翟,KU_MAFS6Jh3,冰箱,小肉,smallmeat,2
旧神盛宴,2023-06-19 21:13,祎翟,KU_MAFS6Jh3,冰箱,小肉,smallmeat,-2
旧神盛宴,2023-06-19 21:13,祎翟,KU_MAFS6Jh3,冰箱,蜂蜜,honey,3
旧神盛宴,2023-06-19 21:13,祎翟,KU_MAFS6Jh3,冰箱,胡萝卜,carrot,2
旧神盛宴,2023-06-19 21:15,祎翟,KU_MAFS6Jh3,冰箱,小鱼块,fishmeat_small,3
旧神盛宴,2023-06-19 21:15,祎翟,KU_MAFS6Jh3,冰箱,蛙腿,froglegs,1
旧神盛宴,2023-06-19 21:15,祎翟,KU_MAFS6Jh3,龙鳞宝箱,淡水钓竿,fishingrod,1
旧神盛宴,2023-06-19 21:15,祎翟,KU_MAFS6Jh3,龙鳞宝箱,回旋镖,boomerang,1
旧神盛宴,2023-06-19 21:16,祎翟,KU_MAFS6Jh3,冰箱,冰,ice,3
旧神盛宴,2023-06-19 21:16,祎翟,KU_MAFS6Jh3,冰箱,鸟蛋,bird_egg,2
旧神盛宴,2023-06-19 21:16,祎翟,KU_MAFS6Jh3,冰箱,带刺的种子,tomato_seeds,1
旧神盛宴,2023-06-19 21:16,祎翟,KU_MAFS6Jh3,冰箱,小鱼块,fishmeat_small,-3
旧神盛宴,2023-06-19 21:16,祎翟,KU_MAFS6Jh3,冰箱,小鱼块,fishmeat_small,2
旧神盛宴,2023-06-19 21:16,祎翟,KU_MAFS6Jh3,冰箱,小肉,smallmeat,-3
旧神盛宴,2023-06-19 21:16,祎翟,KU_MAFS6Jh3,冰箱,小肉,smallmeat,2
旧神盛宴,2023-06-19 21:16,祎翟,KU_MAFS6Jh3,冰箱,鸟蛋,bird_egg,-2
旧神盛宴,2023-06-19 21:16,祎翟,KU_MAFS6Jh3,冰箱,鸟蛋,bird_egg,1
旧神盛宴,2023-06-19 21:16,祎翟,KU_MAFS6Jh3,冰箱,小肉,smallmeat,1
旧神盛宴,2023-06-19 21:16,祎翟,KU_MAFS6Jh3,冰箱,小肉,smallmeat,-2
旧神盛宴,2023-06-19 21:17,祎翟,KU_MAFS6Jh3,冰箱,冰,ice,-3
旧神盛宴,2023-06-19 21:17,祎翟,KU_MAFS6Jh3,冰箱,冰,ice,2
旧神盛宴,2023-06-19 21:17,祎翟,KU_MAFS6Jh3,冰箱,冰,ice,-2
旧神盛宴,2023-06-19 21:17,祎翟,KU_MAFS6Jh3,冰箱,冰,ice,1
旧神盛宴,2023-06-19 21:17,祎翟,KU_MAFS6Jh3,冰箱,玉米,corn,1
旧神盛宴,2023-06-19 21:17,祎翟,KU_MAFS6Jh3,冰箱,土豆,potato,1
旧神盛宴,2023-06-19 21:17,祎翟,KU_MAFS6Jh3,冰箱,种子,seeds,1
旧神盛宴,2023-06-19 21:17,祎翟,KU_MAFS6Jh3,冰箱,香蕉,cave_banana,1
旧神盛宴,2023-06-19 21:21,祎翟,KU_MAFS6Jh3,冰箱,小鱼块,fishmeat_small,-2
旧神盛宴,2023-06-19 21:21,祎翟,KU_MAFS6Jh3,冰箱,小鱼块,fishmeat_small,1
旧神盛宴,2023-06-19 21:21,祎翟,KU_MAFS6Jh3,冰箱,小鱼块,fishmeat_small,-1
旧神盛宴,2023-06-19 21:21,祎翟,KU_MAFS6Jh3,冰箱,海带叶,kelp,3
旧神盛宴,2023-06-19 21:22,祎翟,KU_MAFS6Jh3,冰箱,裸露鼻孔,batnose,2
旧神盛宴,2023-06-19 21:22,祎翟,KU_MAFS6Jh3,冰箱,带电的羊奶,goatmilk,2
旧神盛宴,2023-06-19 21:22,祎翟,KU_MAFS6Jh3,龙鳞宝箱,盐晶,saltrock,2
旧神盛宴,2023-06-19 21:22,祎翟,KU_MAFS6Jh3,龙鳞宝箱,燧石,flint,1
旧神盛宴,2023-06-19 21:22,祎翟,KU_MAFS6Jh3,龙鳞宝箱,木头,log,-1
旧神盛宴,2023-06-19 21:22,祎翟,KU_MAFS6Jh3,龙鳞宝箱,木板,boards,3
旧神盛宴,2023-06-19 21:22,祎翟,KU_MAFS6Jh3,龙鳞宝箱,木头,log,1
旧神盛宴,2023-06-19 21:22,祎翟,KU_MAFS6Jh3,龙鳞宝箱,桨,oar,1
旧神盛宴,2023-06-19 21:23,祎翟,KU_MAFS6Jh3,冰箱,种子,seeds,-2
旧神盛宴,2023-06-19 21:23,祎翟,KU_MAFS6Jh3,冰箱,带刺的种子,tomato_seeds,-1
旧神盛宴,2023-06-19 21:23,祎翟,KU_MAFS6Jh3,冰箱,蜂蜜,honey,-3
旧神盛宴,2023-06-19 21:23,祎翟,KU_MAFS6Jh3,冰箱,蜂蜜,honey,2
旧神盛宴,2023-06-19 21:23,祎翟,KU_MAFS6Jh3,冰箱,裸露鼻孔,batnose,-2
旧神盛宴,2023-06-19 21:23,祎翟,KU_MAFS6Jh3,冰箱,裸露鼻孔,batnose,1
旧神盛宴,2023-06-19 21:23,祎翟,KU_MAFS6Jh3,冰箱,裸露鼻孔,batnose,-1
旧神盛宴,2023-06-19 21:23,祎翟,KU_MAFS6Jh3,冰箱,蛙腿,froglegs,-2
旧神盛宴,2023-06-19 21:23,祎翟,KU_MAFS6Jh3,冰箱,蛙腿,froglegs,1
旧神盛宴,2023-06-19 21:23,祎翟,KU_MAFS6Jh3,冰箱,小肉,smallmeat,-1
旧神盛宴,2023-06-19 21:23,祎翟,KU_MAFS6Jh3,冰箱,带电的羊奶,goatmilk,-2
旧神盛宴,2023-06-19 21:23,祎翟,KU_MAFS6Jh3,冰箱,带电的羊奶,goatmilk,1
旧神盛宴,2023-06-19 21:23,祎翟,KU_MAFS6Jh3,冰箱,带电的羊奶,goatmilk,-1
旧神盛宴,2023-06-19 21:23,祎翟,KU_MAFS6Jh3,冰箱,冰,ice,-1
旧神盛宴,2023-06-19 21:23,祎翟,KU_MAFS6Jh3,冰箱,蜂蜜,honey,-2
旧神盛宴,2023-06-19 21:23,祎翟,KU_MAFS6Jh3,冰箱,蜂蜜,honey,1
旧神盛宴,2023-06-19 21:24,祎翟,KU_MAFS6Jh3,龙鳞宝箱,梦魇护符,purpleamulet,1
旧神盛宴,2023-06-19 21:26,祎翟,KU_MAFS6Jh3,龙鳞宝箱,月树花,moon_tree_blossom,2
旧神盛宴,2023-06-19 21:26,祎翟,KU_MAFS6Jh3,冰箱,冰,ice,4
旧神盛宴,2023-06-19 21:26,祎翟,KU_MAFS6Jh3,冰箱,带电的羊奶,goatmilk,1
旧神盛宴,2023-06-19 21:27,祎翟,KU_MAFS6Jh3,冰箱,叶肉,plantmeat,1
旧神盛宴,2023-06-19 21:27,祎翟,KU_MAFS6Jh3,冰箱,冰,ice,-4
旧神盛宴,2023-06-19 21:27,祎翟,KU_MAFS6Jh3,冰箱,冰,ice,3
旧神盛宴,2023-06-19 21:27,祎翟,KU_MAFS6Jh3,冰箱,冰,ice,-3
旧神盛宴,2023-06-19 21:27,祎翟,KU_MAFS6Jh3,冰箱,冰,ice,2
旧神盛宴,2023-06-19 21:27,祎翟,KU_MAFS6Jh3,冰箱,辣椒,pepper,1
旧神盛宴,2023-06-19 21:27,祎翟,KU_MAFS6Jh3,冰箱,种子,seeds,3
旧神盛宴,2023-06-19 21:28,祎翟,KU_MAFS6Jh3,龙鳞宝箱,耕地机,farm_plow_item,1
旧神盛宴,2023-06-19 21:28,祎翟,KU_MAFS6Jh3,冰箱,簇状种子,corn_seeds,1
旧神盛宴,2023-06-19 21:31,祎翟,KU_MAFS6Jh3,冰箱,冰,ice,-2
旧神盛宴,2023-06-19 21:31,祎翟,KU_MAFS6Jh3,冰箱,冰,ice,1
旧神盛宴,2023-06-19 21:31,祎翟,KU_MAFS6Jh3,冰箱,海带叶,kelp,-3
旧神盛宴,2023-06-19 21:31,祎翟,KU_MAFS6Jh3,冰箱,海带叶,kelp,2
旧神盛宴,2023-06-19 21:31,祎翟,KU_MAFS6Jh3,冰箱,发光浆果,wormlight,1
旧神盛宴,2023-06-19 21:31,祎翟,KU_MAFS6Jh3,冰箱,带电的羊奶,goatmilk,-1
旧神盛宴,2023-06-19 21:31,祎翟,KU_MAFS6Jh3,冰箱,小鱼块,fishmeat_small,2
旧神盛宴,2023-06-19 21:31,祎翟,KU_MAFS6Jh3,冰箱,带电的羊奶,goatmilk,1
旧神盛宴,2023-06-19 21:32,祎翟,KU_MAFS6Jh3,龙鳞宝箱,桨,oar,-1
旧神盛宴,2023-06-19 21:32,祎翟,KU_MAFS6Jh3,龙鳞宝箱,回旋镖,boomerang,-1
旧神盛宴,2023-06-19 21:32,祎翟,KU_MAFS6Jh3,龙鳞宝箱,耕地机,farm_plow_item,-1
旧神盛宴,2023-06-19 21:36,祎翟,KU_MAFS6Jh3,冰箱,玉米,corn,-3
旧神盛宴,2023-06-19 21:36,祎翟,KU_MAFS6Jh3,冰箱,玉米,corn,2
旧神盛宴,2023-06-19 21:36,祎翟,KU_MAFS6Jh3,冰箱,玉米,corn,-2
旧神盛宴,2023-06-19 21:36,祎翟,KU_MAFS6Jh3,冰箱,玉米,corn,1
旧神盛宴,2023-06-19 21:36,祎翟,KU_MAFS6Jh3,冰箱,鸟蛋,bird_egg,-1
旧神盛宴,2023-06-19 21:36,祎翟,KU_MAFS6Jh3,冰箱,海带叶,kelp,-2
旧神盛宴,2023-06-19 21:36,祎翟,KU_MAFS6Jh3,冰箱,蜂蜜,honey,-4
旧神盛宴,2023-06-19 21:36,祎翟,KU_MAFS6Jh3,冰箱,蜂蜜,honey,3
旧神盛宴,2023-06-19 21:36,祎翟,KU_MAFS6Jh3,冰箱,蜂蜜,honey,-3
旧神盛宴,2023-06-19 21:36,祎翟,KU_MAFS6Jh3,冰箱,蜂蜜,honey,2
旧神盛宴,2023-06-19 21:36,祎翟,KU_MAFS6Jh3,冰箱,叶肉,plantmeat,-1
旧神盛宴,2023-06-19 21:36,祎翟,KU_MAFS6Jh3,冰箱,土豆,potato,-2
旧神盛宴,2023-06-19 21:36,祎翟,KU_MAFS6Jh3,冰箱,土豆,potato,1
旧神盛宴,2023-06-19 21:36,祎翟,KU_MAFS6Jh3,冰箱,土豆,potato,-1
旧神盛宴,2023-06-19 21:36,祎翟,KU_MAFS6Jh3,冰箱,玉米,corn,-1
旧神盛宴,2023-06-19 21:37,祎翟,KU_MAFS6Jh3,冰箱,叶肉,plantmeat,3
旧神盛宴,2023-06-19 21:37,祎翟,KU_MAFS6Jh3,冰箱,藤壶,barnacle,2
旧神盛宴,2023-06-19 21:37,祎翟,KU_MAFS6Jh3,冰箱,尖形种子,onion_seeds,1
旧神盛宴,2023-06-19 21:37,祎翟,KU_MAFS6Jh3,龙鳞宝箱,噩梦燃料,nightmarefuel,2
旧神盛宴,2023-06-19 21:40,祎翟,KU_MAFS6Jh3,龙鳞宝箱,木头,log,-7
旧神盛宴,2023-06-19 21:40,祎翟,KU_MAFS6Jh3,龙鳞宝箱,木头,log,1
旧神盛宴,2023-06-19 21:40,祎翟,KU_MAFS6Jh3,龙鳞宝箱,木头,log,-1
旧神盛宴,2023-06-19 21:40,祎翟,KU_MAFS6Jh3,龙鳞宝箱,木头,log,6
旧神盛宴,2023-06-19 21:43,祎翟,KU_MAFS6Jh3,冰箱,小鱼块,fishmeat_small,-2
旧神盛宴,2023-06-19 21:43,祎翟,KU_MAFS6Jh3,冰箱,小鱼块,fishmeat_small,1
旧神盛宴,2023-06-19 21:43,祎翟,KU_MAFS6Jh3,冰箱,小鱼块,fishmeat_small,-1
旧神盛宴,2023-06-19 21:43,祎翟,KU_MAFS6Jh3,冰箱,怪物肉,monstermeat,-11
旧神盛宴,2023-06-19 21:43,祎翟,KU_MAFS6Jh3,冰箱,怪物肉,monstermeat,10
旧神盛宴,2023-06-19 21:43,祎翟,KU_MAFS6Jh3,冰箱,蛙腿,froglegs,-1
旧神盛宴,2023-06-19 21:56,a1314,KU_cuIT1e8U,龙鳞宝箱,{item}草图,sketch,-1
旧神盛宴,2023-06-19 22:04,小希,KU_1_XnbmU3,龙鳞宝箱,月岩雕像,moonrockidol,1
旧神盛宴,2023-06-19 22:04,小希,KU_1_XnbmU3,龙鳞宝箱,紫宝石,purplegem,3
旧神盛宴,2023-06-19 22:04,小希,KU_1_XnbmU3,龙鳞宝箱,暖石,heatrock,1
旧神盛宴,2023-06-19 22:04,小希,KU_1_XnbmU3,龙鳞宝箱,莎草纸,papyrus,2
旧神盛宴,2023-06-19 22:04,小希,KU_1_XnbmU3,龙鳞宝箱,树枝,twigs,10
旧神盛宴,2023-06-19 22:04,小希,KU_1_XnbmU3,龙鳞宝箱,采下的草,cutgrass,10
旧神盛宴,2023-06-19 22:04,小希,KU_1_XnbmU3,龙鳞宝箱,燧石,flint,10
旧神盛宴,2023-06-19 22:04,小希,KU_1_XnbmU3,龙鳞宝箱,培根煎蛋,baconeggs,15
旧神盛宴,2023-06-19 22:04,小希,KU_1_XnbmU3,龙鳞宝箱,硝石,nitre,10
旧神盛宴,2023-06-19 22:04,小希,KU_1_XnbmU3,龙鳞宝箱,花衬衫,hawaiianshirt,1
旧神盛宴,2023-06-19 22:04,小希,KU_1_XnbmU3,龙鳞宝箱,暖石,heatrock,1
旧神盛宴,2023-06-19 22:04,小希,KU_1_XnbmU3,龙鳞宝箱,月岩雕像,moonrockidol,-1
旧神盛宴,2023-06-19 22:07,a1314,KU_cuIT1e8U,冰箱,浆果,berries,5
旧神盛宴,2023-06-19 22:07,a1314,KU_cuIT1e8U,冰箱,种子,seeds,2
旧神盛宴,2023-06-19 22:07,a1314,KU_cuIT1e8U,冰箱,肉,meat,2
旧神盛宴,2023-06-19 22:07,小希,KU_1_XnbmU3,冰箱,鸟腿,drumstick,2
旧神盛宴,2023-06-19 22:08,小希,KU_1_XnbmU3,龙鳞宝箱,木头,log,6
旧神盛宴,2023-06-19 22:08,小希,KU_1_XnbmU3,龙鳞宝箱,铲子,shovel,1
旧神盛宴,2023-06-19 22:08,小希,KU_1_XnbmU3,龙鳞宝箱,斧头,axe,1
旧神盛宴,2023-06-19 22:08,小希,KU_1_XnbmU3,冰箱,浆果,berries,-5
旧神盛宴,2023-06-19 22:08,a1314,KU_cuIT1e8U,冰箱,小肉,smallmeat,2
旧神盛宴,2023-06-19 22:11,小希,KU_1_XnbmU3,冰箱,浆果,berries,1
旧神盛宴,2023-06-19 22:11,小希,KU_1_XnbmU3,冰箱,浆果,berries,-1
旧神盛宴,2023-06-19 22:12,a1314,KU_cuIT1e8U,冰箱,肉,meat,2
旧神盛宴,2023-06-19 22:12,a1314,KU_cuIT1e8U,冰箱,浆果,berries,2
旧神盛宴,2023-06-19 22:12,a1314,KU_cuIT1e8U,冰箱,桦栗果,acorn,6
旧神盛宴,2023-06-19 22:12,a1314,KU_cuIT1e8U,龙鳞宝箱,木头,log,13
旧神盛宴,2023-06-19 22:12,a1314,KU_cuIT1e8U,龙鳞宝箱,猫尾,coontail,2
旧神盛宴,2023-06-19 22:13,小希,KU_1_XnbmU3,冰箱,桦栗果,acorn,-6
旧神盛宴,2023-06-19 22:13,小希,KU_1_XnbmU3,冰箱,桦栗果,acorn,5
旧神盛宴,2023-06-19 22:13,小希,KU_1_XnbmU3,冰箱,烤桦栗果,acorn_cooked,1
旧神盛宴,2023-06-19 22:13,小希,KU_1_XnbmU3,冰箱,桦栗果,acorn,-5
旧神盛宴,2023-06-19 22:13,小希,KU_1_XnbmU3,冰箱,桦栗果,acorn,1
旧神盛宴,2023-06-19 22:13,小希,KU_1_XnbmU3,冰箱,桦栗果,acorn,-1
旧神盛宴,2023-06-19 22:14,小希,KU_1_XnbmU3,冰箱,烤桦栗果,acorn_cooked,-2
旧神盛宴,2023-06-19 22:14,小希,KU_1_XnbmU3,冰箱,烤桦栗果,acorn_cooked,2
旧神盛宴,2023-06-19 22:16,小希,KU_1_XnbmU3,冰箱,浆果,berries,-4
旧神盛宴,2023-06-19 22:16,a1314,KU_cuIT1e8U,冰箱,浆果,berries,2
旧神盛宴,2023-06-19 22:16,a1314,KU_cuIT1e8U,冰箱,小肉,smallmeat,3
旧神盛宴,2023-06-19 22:16,a1314,KU_cuIT1e8U,冰箱,种子,seeds,1
旧神盛宴,2023-06-19 22:17,小希,KU_1_XnbmU3,冰箱,胡萝卜,carrot,3
旧神盛宴,2023-06-19 22:17,小希,KU_1_XnbmU3,冰箱,茄子,eggplant,1
旧神盛宴,2023-06-19 22:19,a1314,KU_cuIT1e8U,龙鳞宝箱,蜂刺,stinger,4
旧神盛宴,2023-06-19 22:19,a1314,KU_cuIT1e8U,冰箱,蜂蜜,honey,4
旧神盛宴,2023-06-19 22:19,a1314,KU_cuIT1e8U,龙鳞宝箱,蜂巢,honeycomb,1
旧神盛宴,2023-06-19 22:19,a1314,KU_cuIT1e8U,冰箱,怪物肉,monstermeat,3
旧神盛宴,2023-06-19 22:19,小希,KU_1_XnbmU3,冰箱,怪物肉,monstermeat,-3
旧神盛宴,2023-06-19 22:19,小希,KU_1_XnbmU3,冰箱,怪物肉,monstermeat,1
旧神盛宴,2023-06-19 22:19,小希,KU_1_XnbmU3,冰箱,胡萝卜,carrot,-3
旧神盛宴,2023-06-19 22:19,小希,KU_1_XnbmU3,冰箱,胡萝卜,carrot,1
旧神盛宴,2023-06-19 22:19,小希,KU_1_XnbmU3,冰箱,烤桦栗果,acorn_cooked,-2
旧神盛宴,2023-06-19 22:19,小希,KU_1_XnbmU3,冰箱,烤桦栗果,acorn_cooked,2
旧神盛宴,2023-06-19 22:19,小希,KU_1_XnbmU3,冰箱,浆果,berries,-2
旧神盛宴,2023-06-19 22:20,a1314,KU_cuIT1e8U,龙鳞宝箱,木头,log,2
旧神盛宴,2023-06-19 22:20,a1314,KU_cuIT1e8U,龙鳞宝箱,松果,pinecone,8
旧神盛宴,2023-06-19 22:20,小希,KU_1_XnbmU3,冰箱,蜂蜜,honey,-4
旧神盛宴,2023-06-19 22:20,小希,KU_1_XnbmU3,冰箱,蜂蜜,honey,1
旧神盛宴,2023-06-19 22:20,小希,KU_1_XnbmU3,龙鳞宝箱,蜂巢,honeycomb,-1
旧神盛宴,2023-06-19 22:20,小希,KU_1_XnbmU3,冰箱,茄子,eggplant,-1
旧神盛宴,2023-06-19 22:21,小希,KU_1_XnbmU3,冰箱,茄子,eggplant,1
旧神盛宴,2023-06-19 22:21,小希,KU_1_XnbmU3,冰箱,胡萝卜,carrot,-2
旧神盛宴,2023-06-19 22:21,小希,KU_1_XnbmU3,冰箱,胡萝卜,carrot,1
旧神盛宴,2023-06-19 22:21,小希,KU_1_XnbmU3,冰箱,芦笋,asparagus,1
旧神盛宴,2023-06-19 22:21,小希,KU_1_XnbmU3,冰箱,小鱼块,fishmeat_small,2
旧神盛宴,2023-06-19 22:21,小希,KU_1_XnbmU3,冰箱,浆果,berries,4
旧神盛宴,2023-06-19 22:21,小希,KU_1_XnbmU3,冰箱,种子,seeds,-1
旧神盛宴,2023-06-19 22:21,a1314,KU_cuIT1e8U,冰箱,蛙腿,froglegs,2
旧神盛宴,2023-06-19 22:22,小希,KU_1_XnbmU3,冰箱,胡萝卜,carrot,-1
旧神盛宴,2023-06-19 22:22,小希,KU_1_XnbmU3,冰箱,茄子,eggplant,-1
旧神盛宴,2023-06-19 22:22,a1314,KU_cuIT1e8U,冰箱,种子,seeds,2
旧神盛宴,2023-06-19 22:22,小希,KU_1_XnbmU3,冰箱,芦笋,asparagus,-1
旧神盛宴,2023-06-19 22:22,小希,KU_1_XnbmU3,冰箱,芦笋,asparagus,1
旧神盛宴,2023-06-19 22:22,小希,KU_1_XnbmU3,冰箱,浆果,berries,-4
旧神盛宴,2023-06-19 22:22,小希,KU_1_XnbmU3,冰箱,浆果,berries,2
旧神盛宴,2023-06-19 22:22,小希,KU_1_XnbmU3,冰箱,茄子,eggplant,1
旧神盛宴,2023-06-19 22:22,小希,KU_1_XnbmU3,冰箱,浆果,berries,-2
旧神盛宴,2023-06-19 22:22,小希,KU_1_XnbmU3,冰箱,浆果,berries,1
旧神盛宴,2023-06-19 22:23,小希,KU_1_XnbmU3,冰箱,小鱼块,fishmeat_small,-2
旧神盛宴,2023-06-19 22:24,a1314,KU_cuIT1e8U,冰箱,冰,ice,3
旧神盛宴,2023-06-19 22:25,小希,KU_1_XnbmU3,冰箱,浆果,berries,-1
旧神盛宴,2023-06-19 22:26,小希,KU_1_XnbmU3,冰箱,种子,seeds,-3
旧神盛宴,2023-06-19 22:27,a1314,KU_cuIT1e8U,冰箱,冰,ice,-3
旧神盛宴,2023-06-19 22:27,a1314,KU_cuIT1e8U,冰箱,冰,ice,2
旧神盛宴,2023-06-19 22:27,小希,KU_1_XnbmU3,冰箱,土豆,potato,1
旧神盛宴,2023-06-19 22:27,小希,KU_1_XnbmU3,冰箱,熟小鱼块,fishmeat_small_cooked,2
旧神盛宴,2023-06-19 22:27,小希,KU_1_XnbmU3,冰箱,番茄,tomato,1
旧神盛宴,2023-06-19 22:27,小希,KU_1_XnbmU3,冰箱,必忘我,forgetmelots,1
旧神盛宴,2023-06-19 22:27,小希,KU_1_XnbmU3,冰箱,浆果,berries,1
旧神盛宴,2023-06-19 22:27,小希,KU_1_XnbmU3,龙鳞宝箱,淡水鱼,pondfish,1
旧神盛宴,2023-06-19 22:27,a1314,KU_cuIT1e8U,冰箱,种子,seeds,1
旧神盛宴,2023-06-19 22:28,a1314,KU_cuIT1e8U,冰箱,蛙腿,froglegs,1
旧神盛宴,2023-06-19 22:28,a1314,KU_cuIT1e8U,冰箱,浆果,berries,1
旧神盛宴,2023-06-19 22:28,a1314,KU_cuIT1e8U,龙鳞宝箱,蜘蛛丝,silk,1
旧神盛宴,2023-06-19 22:28,a1314,KU_cuIT1e8U,龙鳞宝箱,树枝,twigs,19
旧神盛宴,2023-06-19 22:28,小希,KU_1_XnbmU3,冰箱,种子,seeds,-1
旧神盛宴,2023-06-19 22:29,小希,KU_1_XnbmU3,冰箱,烤桦栗果,acorn_cooked,-2
旧神盛宴,2023-06-19 22:29,小希,KU_1_XnbmU3,冰箱,烤桦栗果,acorn_cooked,2
旧神盛宴,2023-06-19 22:29,小希,KU_1_XnbmU3,冰箱,烤桦栗果,acorn_cooked,-2
旧神盛宴,2023-06-19 22:29,小希,KU_1_XnbmU3,冰箱,烤桦栗果,acorn_cooked,2
旧神盛宴,2023-06-19 22:29,小希,KU_1_XnbmU3,冰箱,浆果,berries,-1
旧神盛宴,2023-06-19 22:29,小希,KU_1_XnbmU3,冰箱,蛙腿,froglegs,-2
旧神盛宴,2023-06-19 22:29,小希,KU_1_XnbmU3,冰箱,小肉,smallmeat,-7
旧神盛宴,2023-06-19 22:30,a1314,KU_cuIT1e8U,龙鳞宝箱,木头,log,7
旧神盛宴,2023-06-19 22:30,a1314,KU_cuIT1e8U,龙鳞宝箱,蜘蛛丝,silk,-1
旧神盛宴,2023-06-19 22:30,a1314,KU_cuIT1e8U,龙鳞宝箱,蜘蛛丝,silk,1
旧神盛宴,2023-06-19 22:30,小希,KU_1_XnbmU3,冰箱,小肉,smallmeat,4
旧神盛宴,2023-06-19 22:30,a1314,KU_cuIT1e8U,龙鳞宝箱,捕鸟陷阱,birdtrap,1
旧神盛宴,2023-06-19 22:31,小希,KU_1_XnbmU3,龙鳞宝箱,红雀,robin,1
旧神盛宴,2023-06-19 22:32,小希,KU_1_XnbmU3,龙鳞宝箱,木头,log,-7
旧神盛宴,2023-06-19 22:32,小希,KU_1_XnbmU3,龙鳞宝箱,木头,log,7
旧神盛宴,2023-06-19 22:33,a1314,KU_cuIT1e8U,冰箱,裸露鼻孔,batnose,2
旧神盛宴,2023-06-19 22:34,a1314,KU_cuIT1e8U,冰箱,带电的羊奶,goatmilk,2
旧神盛宴,2023-06-19 22:34,小希,KU_1_XnbmU3,龙鳞宝箱,淡水鱼,pondfish,-1
旧神盛宴,2023-06-19 22:34,小希,KU_1_XnbmU3,龙鳞宝箱,淡水鱼,pondfish,1
旧神盛宴,2023-06-19 22:35,小希,KU_1_XnbmU3,龙鳞宝箱,淡水鱼,pondfish,-1
旧神盛宴,2023-06-19 22:35,小希,KU_1_XnbmU3,冰箱,熟小鱼块,fishmeat_small_cooked,-2
旧神盛宴,2023-06-19 22:35,小希,KU_1_XnbmU3,冰箱,海带叶,kelp,1
旧神盛宴,2023-06-19 22:35,小希,KU_1_XnbmU3,冰箱,熟小鱼块,fishmeat_small_cooked,1
旧神盛宴,2023-06-19 22:35,小希,KU_1_XnbmU3,冰箱,带电的羊奶,goatmilk,-2
旧神盛宴,2023-06-19 22:35,小希,KU_1_XnbmU3,冰箱,带电的羊奶,goatmilk,1
旧神盛宴,2023-06-19 22:35,a1314,KU_cuIT1e8U,冰箱,带电的羊奶,goatmilk,-2
旧神盛宴,2023-06-19 22:35,a1314,KU_cuIT1e8U,冰箱,带电的羊奶,goatmilk,1
旧神盛宴,2023-06-19 22:35,小希,KU_1_XnbmU3,冰箱,带电的羊奶,goatmilk,-1
旧神盛宴,2023-06-19 22:35,a1314,KU_cuIT1e8U,冰箱,带电的羊奶,goatmilk,-1
旧神盛宴,2023-06-19 22:35,a1314,KU_cuIT1e8U,冰箱,海带叶,kelp,-1
旧神盛宴,2023-06-19 22:35,a1314,KU_cuIT1e8U,冰箱,裸露鼻孔,batnose,-3
旧神盛宴,2023-06-19 22:35,a1314,KU_cuIT1e8U,冰箱,裸露鼻孔,batnose,2
旧神盛宴,2023-06-19 22:35,小希,KU_1_XnbmU3,龙鳞宝箱,淡水钓竿,fishingrod,1
旧神盛宴,2023-06-19 22:36,a1314,KU_cuIT1e8U,龙鳞宝箱,木头,log,-1
旧神盛宴,2023-06-19 22:36,小希,KU_1_XnbmU3,冰箱,裸露鼻孔,batnose,-2
旧神盛宴,2023-06-19 22:36,小希,KU_1_XnbmU3,冰箱,裸露鼻孔,batnose,2
旧神盛宴,2023-06-19 22:37,小希,KU_1_XnbmU3,冰箱,带电的羊奶,goatmilk,1
旧神盛宴,2023-06-19 22:37,小希,KU_1_XnbmU3,冰箱,种子,seeds,2
旧神盛宴,2023-06-19 22:37,a1314,KU_cuIT1e8U,龙鳞宝箱,盐晶,saltrock,2
旧神盛宴,2023-06-19 22:37,a1314,KU_cuIT1e8U,龙鳞宝箱,晨星锤,nightstick,1
旧神盛宴,2023-06-19 22:37,a1314,KU_cuIT1e8U,龙鳞宝箱,斧头,axe,1
旧神盛宴,2023-06-19 22:37,a1314,KU_cuIT1e8U,龙鳞宝箱,燧石,flint,2
旧神盛宴,2023-06-19 22:37,a1314,KU_cuIT1e8U,龙鳞宝箱,晨星锤,nightstick,-1
旧神盛宴,2023-06-19 22:37,a1314,KU_cuIT1e8U,龙鳞宝箱,石头,rocks,1
旧神盛宴,2023-06-19 22:38,小希,KU_1_XnbmU3,龙鳞宝箱,淡水鱼,pondfish,1
旧神盛宴,2023-06-19 22:40,小希,KU_1_XnbmU3,冰箱,种子,seeds,-2
旧神盛宴,2023-06-19 22:40,a1314,KU_cuIT1e8U,冰箱,蜂蜜,honey,3
旧神盛宴,2023-06-19 22:40,a1314,KU_cuIT1e8U,冰箱,肉,meat,4
旧神盛宴,2023-06-19 22:40,a1314,KU_cuIT1e8U,冰箱,鸟腿,drumstick,2
旧神盛宴,2023-06-19 22:40,a1314,KU_cuIT1e8U,冰箱,冰,ice,1
旧神盛宴,2023-06-19 22:40,a1314,KU_cuIT1e8U,冰箱,浆果,berries,3
旧神盛宴,2023-06-19 22:41,a1314,KU_cuIT1e8U,冰箱,带电的羊奶,goatmilk,1
旧神盛宴,2023-06-19 22:41,小希,KU_1_XnbmU3,冰箱,花式回旋块茎,potatotornado,1
旧神盛宴,2023-06-19 22:41,小希,KU_1_XnbmU3,冰箱,芦笋,asparagus,-1
旧神盛宴,2023-06-19 22:41,小希,KU_1_XnbmU3,冰箱,烤桦栗果,acorn_cooked,-2
旧神盛宴,2023-06-19 22:41,小希,KU_1_XnbmU3,冰箱,烤桦栗果,acorn_cooked,1
旧神盛宴,2023-06-19 22:41,小希,KU_1_XnbmU3,冰箱,土豆,potato,-1
旧神盛宴,2023-06-19 22:41,小希,KU_1_XnbmU3,冰箱,烤桦栗果,acorn_cooked,1
旧神盛宴,2023-06-19 22:42,小希,KU_1_XnbmU3,冰箱,土豆,potato,1
旧神盛宴,2023-06-19 22:42,小希,KU_1_XnbmU3,冰箱,小肉,smallmeat,-4
旧神盛宴,2023-06-19 22:42,小希,KU_1_XnbmU3,冰箱,小肉,smallmeat,3
旧神盛宴,2023-06-19 22:42,a1314,KU_cuIT1e8U,龙鳞宝箱,淡水鱼,pondfish,1
旧神盛宴,2023-06-19 22:42,a1314,KU_cuIT1e8U,龙鳞宝箱,淡水鱼,pondfish,1
旧神盛宴,2023-06-19 22:42,a1314,KU_cuIT1e8U,冰箱,带电的羊奶,goatmilk,-1
旧神盛宴,2023-06-19 22:42,a1314,KU_cuIT1e8U,冰箱,蜂蜜,honey,-3
旧神盛宴,2023-06-19 22:42,a1314,KU_cuIT1e8U,冰箱,蜂蜜,honey,2
旧神盛宴,2023-06-19 22:42,a1314,KU_cuIT1e8U,冰箱,冰,ice,-2
旧神盛宴,2023-06-19 22:42,a1314,KU_cuIT1e8U,冰箱,冰,ice,1
旧神盛宴,2023-06-19 22:42,a1314,KU_cuIT1e8U,冰箱,冰,ice,-1
旧神盛宴,2023-06-19 22:43,a1314,KU_cuIT1e8U,冰箱,蜂蜜,honey,-2
旧神盛宴,2023-06-19 22:43,a1314,KU_cuIT1e8U,冰箱,蜂蜜,honey,1
旧神盛宴,2023-06-19 22:43,a1314,KU_cuIT1e8U,冰箱,蜂蜜,honey,-1
旧神盛宴,2023-06-19 22:43,a1314,KU_cuIT1e8U,冰箱,鸟腿,drumstick,-2
旧神盛宴,2023-06-19 22:45,a1314,KU_cuIT1e8U,冰箱,仙人掌花,cactus_flower,1
旧神盛宴,2023-06-19 22:45,a1314,KU_cuIT1e8U,冰箱,仙人掌花,cactus_flower,-1
旧神盛宴,2023-06-19 22:45,a1314,KU_cuIT1e8U,冰箱,浆果,berries,-3
旧神盛宴,2023-06-19 22:45,a1314,KU_cuIT1e8U,冰箱,浆果,berries,2
旧神盛宴,2023-06-19 22:45,a1314,KU_cuIT1e8U,冰箱,浆果,berries,-2
旧神盛宴,2023-06-19 22:45,a1314,KU_cuIT1e8U,冰箱,浆果,berries,1
旧神盛宴,2023-06-19 22:45,a1314,KU_cuIT1e8U,冰箱,浆果,berries,-2
旧神盛宴,2023-06-19 22:45,a1314,KU_cuIT1e8U,冰箱,浆果,berries,1
旧神盛宴,2023-06-19 22:45,a1314,KU_cuIT1e8U,冰箱,浆果,berries,-1
旧神盛宴,2023-06-19 22:45,a1314,KU_cuIT1e8U,冰箱,浆果,berries,-3
旧神盛宴,2023-06-19 22:45,a1314,KU_cuIT1e8U,冰箱,浆果,berries,2
旧神盛宴,2023-06-19 22:45,a1314,KU_cuIT1e8U,冰箱,浆果,berries,-2
旧神盛宴,2023-06-19 22:45,a1314,KU_cuIT1e8U,冰箱,浆果,berries,1
旧神盛宴,2023-06-19 22:46,a1314,KU_cuIT1e8U,冰箱,洋葱,onion,1
旧神盛宴,2023-06-19 22:46,小希,KU_1_XnbmU3,冰箱,西瓜,watermelon,1
旧神盛宴,2023-06-19 22:50,小希,KU_1_XnbmU3,龙鳞宝箱,暖石,heatrock,-1
旧神盛宴,2023-06-19 22:50,小希,KU_1_XnbmU3,龙鳞宝箱,花衬衫,hawaiianshirt,-1
旧神盛宴,2023-06-19 22:50,小希,KU_1_XnbmU3,龙鳞宝箱,燧石,flint,-10
旧神盛宴,2023-06-19 22:50,小希,KU_1_XnbmU3,龙鳞宝箱,培根煎蛋,baconeggs,-15
旧神盛宴,2023-06-19 22:50,小希,KU_1_XnbmU3,龙鳞宝箱,硝石,nitre,-10
旧神盛宴,2023-06-19 22:50,小希,KU_1_XnbmU3,龙鳞宝箱,采下的草,cutgrass,-10
旧神盛宴,2023-06-19 22:50,小希,KU_1_XnbmU3,龙鳞宝箱,树枝,twigs,-10
旧神盛宴,2023-06-19 22:50,小希,KU_1_XnbmU3,龙鳞宝箱,莎草纸,papyrus,-2
旧神盛宴,2023-06-19 22:50,小希,KU_1_XnbmU3,龙鳞宝箱,紫宝石,purplegem,-3
旧神盛宴,2023-06-19 22:50,小希,KU_1_XnbmU3,龙鳞宝箱,暖石,heatrock,-1
角斗场,2023-06-19 13:19,a1314,KU_cuIT1e8U,龙鳞宝箱,不老表,pocketwatch_heal,1
角斗场,2023-06-19 13:20,a1314,KU_cuIT1e8U,龙鳞宝箱,溯源表,pocketwatch_recall,1
角斗场,2023-06-19 13:20,a1314,KU_cuIT1e8U,龙鳞宝箱,骨头头盔,skeletonhat,1
角斗场,2023-06-19 13:20,a1314,KU_cuIT1e8U,龙鳞宝箱,懒人魔杖,orangestaff,1
角斗场,2023-06-19 13:20,a1314,KU_cuIT1e8U,龙鳞宝箱,噩梦燃料,nightmarefuel,21
角斗场,2023-06-19 13:20,a1314,KU_cuIT1e8U,龙鳞宝箱,魔光护符,yellowamulet,1
角斗场,2023-06-19 13:20,a1314,KU_cuIT1e8U,龙鳞宝箱,警钟,pocketwatch_weapon,1
角斗场,2023-06-19 13:20,a1314,KU_cuIT1e8U,龙鳞宝箱,暗影香炉,thurible,1
角斗场,2023-06-19 13:20,a1314,KU_cuIT1e8U,龙鳞宝箱,骨头盔甲,armorskeleton,1
角斗场,2023-06-19 13:20,a1314,KU_cuIT1e8U,龙鳞宝箱,绝望石头盔,dreadstonehat,1
角斗场,2023-06-19 13:45,童的翠梅,KU_bALbfbZi,龙鳞宝箱,燧石,flint,10
角斗场,2023-06-19 13:45,童的翠梅,KU_bALbfbZi,龙鳞宝箱,采下的草,cutgrass,10
角斗场,2023-06-19 13:45,童的翠梅,KU_bALbfbZi,龙鳞宝箱,树枝,twigs,10
角斗场,2023-06-19 13:45,童的翠梅,KU_bALbfbZi,龙鳞宝箱,冬帽,winterhat,1
角斗场,2023-06-19 13:48,a1314,KU_cuIT1e8U,龙鳞宝箱,不老表,pocketwatch_heal,-1
角斗场,2023-06-19 13:48,a1314,KU_cuIT1e8U,龙鳞宝箱,溯源表,pocketwatch_recall,-1
角斗场,2023-06-19 13:48,a1314,KU_cuIT1e8U,龙鳞宝箱,骨头头盔,skeletonhat,-1
角斗场,2023-06-19 13:48,a1314,KU_cuIT1e8U,龙鳞宝箱,懒人魔杖,orangestaff,-1
角斗场,2023-06-19 13:48,a1314,KU_cuIT1e8U,龙鳞宝箱,噩梦燃料,nightmarefuel,-21
角斗场,2023-06-19 13:48,a1314,KU_cuIT1e8U,龙鳞宝箱,魔光护符,yellowamulet,-1
角斗场,2023-06-19 13:48,a1314,KU_cuIT1e8U,龙鳞宝箱,骨头盔甲,armorskeleton,-1
角斗场,2023-06-19 13:48,a1314,KU_cuIT1e8U,龙鳞宝箱,暗影香炉,thurible,-1
角斗场,2023-06-19 13:48,a1314,KU_cuIT1e8U,龙鳞宝箱,警钟,pocketwatch_weapon,-1
角斗场,2023-06-19 13:48,a1314,KU_cuIT1e8U,龙鳞宝箱,绝望石头盔,dreadstonehat,-1
角斗场,2023-06-19 14:19,童的翠梅,KU_bALbfbZi,龙鳞宝箱,燧石,flint,-10
角斗场,2023-06-19 14:20,童的翠梅,KU_bALbfbZi,龙鳞宝箱,采下的草,cutgrass,-10
角斗场,2023-06-19 14:20,童的翠梅,KU_bALbfbZi,龙鳞宝箱,树枝,twigs,-10
角斗场,2023-06-19 18:44,Super Fig,KU_HCp1liQH,龙鳞宝箱,警钟,pocketwatch_weapon,1
角斗场,2023-06-19 18:44,Super Fig,KU_HCp1liQH,龙鳞宝箱,不老表,pocketwatch_heal,1
角斗场,2023-06-19 18:44,Super Fig,KU_HCp1liQH,龙鳞宝箱,不老表,pocketwatch_heal,1
角斗场,2023-06-19 18:44,Super Fig,KU_HCp1liQH,龙鳞宝箱,骨头盔甲,armorskeleton,1
角斗场,2023-06-19 18:44,Super Fig,KU_HCp1liQH,龙鳞宝箱,骨头盔甲,armorskeleton,1
角斗场,2023-06-19 18:44,Super Fig,KU_HCp1liQH,龙鳞宝箱,懒人魔杖,orangestaff,1
角斗场,2023-06-19 19:01,Super Fig,KU_HCp1liQH,龙鳞宝箱,懒人魔杖,orangestaff,-1
角斗场,2023-06-19 19:01,Super Fig,KU_HCp1liQH,龙鳞宝箱,警钟,pocketwatch_weapon,-1
角斗场,2023-06-19 19:01,Super Fig,KU_HCp1liQH,龙鳞宝箱,不老表,pocketwatch_heal,-1
角斗场,2023-06-19 19:01,Super Fig,KU_HCp1liQH,龙鳞宝箱,不老表,pocketwatch_heal,-1
角斗场,2023-06-19 19:01,Super Fig,KU_HCp1liQH,龙鳞宝箱,骨头盔甲,armorskeleton,-1
角斗场,2023-06-19 19:01,Super Fig,KU_HCp1liQH,龙鳞宝箱,骨头盔甲,armorskeleton,-1
角斗场,2023-06-19 19:03,Super Fig,KU_HCp1liQH,龙鳞宝箱,腐烂物,spoiled_food,-10
角斗场,2023-06-19 19:03,Super Fig,KU_HCp1liQH,龙鳞宝箱,腐烂物,spoiled_food,-6
角斗场,2023-06-19 19:04,Super Fig,KU_HCp1liQH,龙鳞宝箱,哑铃,dumbbell,-1
角斗场,2023-06-19 19:11,童的翠梅,KU_bALbfbZi,龙鳞宝箱,雨伞,umbrella,1
角斗场,2023-06-19 19:11,童的翠梅,KU_bALbfbZi,龙鳞宝箱,燧石,flint,10
角斗场,2023-06-19 19:11,童的翠梅,KU_bALbfbZi,龙鳞宝箱,采下的草,cutgrass,10
角斗场,2023-06-19 19:11,童的翠梅,KU_bALbfbZi,龙鳞宝箱,树枝,twigs,10
角斗场,2023-06-19 19:12,童的翠梅,KU_bALbfbZi,龙鳞宝箱,培根煎蛋,baconeggs,10
角斗场,2023-06-19 20:01,a1314,KU_cuIT1e8U,龙鳞宝箱,暗影收割者,voidcloth_scythe,1
角斗场,2023-06-19 20:01,a1314,KU_cuIT1e8U,龙鳞宝箱,虚空长袍,armor_voidcloth,1
角斗场,2023-06-19 20:01,a1314,KU_cuIT1e8U,龙鳞宝箱,虚空风帽,voidclothhat,1
角斗场,2023-06-19 20:01,a1314,KU_cuIT1e8U,龙鳞宝箱,战斗头盔,wathgrithrhat,1
角斗场,2023-06-19 20:01,a1314,KU_cuIT1e8U,龙鳞宝箱,暗影伞,voidcloth_umbrella,1
角斗场,2023-06-19 20:03,a1314,KU_cuIT1e8U,龙鳞宝箱,冬帽,winterhat,-1
角斗场,2023-06-19 20:03,a1314,KU_cuIT1e8U,龙鳞宝箱,战斗头盔,wathgrithrhat,-1
角斗场,2023-06-19 20:03,a1314,KU_cuIT1e8U,龙鳞宝箱,暗影伞,voidcloth_umbrella,-1
角斗场,2023-06-19 20:03,a1314,KU_cuIT1e8U,龙鳞宝箱,虚空风帽,voidclothhat,-1
角斗场,2023-06-19 20:03,a1314,KU_cuIT1e8U,龙鳞宝箱,暗影收割者,voidcloth_scythe,-1
角斗场,2023-06-19 20:03,a1314,KU_cuIT1e8U,龙鳞宝箱,虚空长袍,armor_voidcloth,-1
角斗场,2023-06-19 22:26,zxx15579,KU_cuIT10Qb,龙鳞宝箱,金块,goldnugget,13
角斗场,2023-06-19 22:26,zxx15579,KU_cuIT10Qb,龙鳞宝箱,黄金铲子,goldenshovel,1
角斗场,2023-06-19 22:26,zxx15579,KU_cuIT10Qb,龙鳞宝箱,针线包,sewing_kit,1
角斗场,2023-06-19 22:36,zxx15579,KU_cuIT10Qb,龙鳞宝箱,金块,goldnugget,-13
角斗场,2023-06-19 22:36,zxx15579,KU_cuIT10Qb,龙鳞宝箱,黄金铲子,goldenshovel,-1
角斗场,2023-06-19 22:36,zxx15579,KU_cuIT10Qb,龙鳞宝箱,针线包,sewing_kit,-1
